{"noiseKey":{"private":{"type":"Buffer","data":"sFiidU4qNPUrYH+6diYLYU3QKUwPCM/qxeeGw/4gWGM="},"public":{"type":"Buffer","data":"0QNQrdM4FVjJ4TAKdjeBk8/PWMl6Qev8vtjdeMsCry4="}},"pairingEphemeralKeyPair":{"private":{"type":"Buffer","data":"UDdLoofUy11GdKBqDocFMG+NT/rky5fZCvD3OoO1pW0="},"public":{"type":"Buffer","data":"ZGVsaI+FL75gc6VOQYU6zWuP9A4aE5f5Hilk5x1SCCw="}},"signedIdentityKey":{"private":{"type":"Buffer","data":"0F7+FUJ+Cpg2enC3WKu97VRazwlnpq/S9GFx8IQKtkw="},"public":{"type":"Buffer","data":"cXEdMZOsbd4teIxpwS/ADPBE4rvkEACkF24eTh3N9FU="}},"signedPreKey":{"keyPair":{"private":{"type":"Buffer","data":"oD8fTDp6VdwLb+5TMel1OJNHSomFglMpOyufgz22w3I="},"public":{"type":"Buffer","data":"1UhkRCAOLuLIXtVRw6AuKJwtPu/cpDUKlX+M/n4KYU4="}},"signature":{"type":"Buffer","data":"LmMmv9UyWrH1OvSkRBW+Do7GriEWsPfJpa93z9Z9Bwk6PLSKCKCovf2PV9PdQZVorC/XdKy4VzYGc0rIg34MAw=="},"keyId":1},"registrationId":181,"advSecretKey":"Jy+GpgE1E3K9QfO0SwbZfkeIRvB1+Zpz81WYGBInFVU=","processedHistoryMessages":[{"key":{"remoteJid":"6287824662685@s.whatsapp.net","fromMe":true,"id":"B90D942D4D2A6258E55F0BC9BD599D0D"},"messageTimestamp":1745797475},{"key":{"remoteJid":"6287824662685@s.whatsapp.net","fromMe":true,"id":"AB39AF1208DFB95915795505F00848EC"},"messageTimestamp":1745797475},{"key":{"remoteJid":"6287824662685@s.whatsapp.net","fromMe":true,"id":"EB10C39F8833A749B9B4B37C817E0103"},"messageTimestamp":1745797477}],"nextPreKeyId":201,"firstUnuploadedPreKeyId":201,"accountSyncCounter":1,"accountSettings":{"unarchiveChats":false},"registered":true,"pairingCode":"7YYBGLSD","me":{"id":"6287824662685:2@s.whatsapp.net","name":"Alya Bot Ai","lid":"281312371986572:2@lid"},"account":{"details":"COnuso0BENmCu8AGGAEgACgA","accountSignatureKey":"gWx1LUFgoKXpaorhj4TjF3RauG0IKEKeDYJqleI1WD4=","accountSignature":"cODTGlFAEnoQ6FdTonp+Lc0JICLfGSTVXAnDi0gXtbqXyzsnjxZgsj6nCF4KnbjgjW4Pai3qdQYpFAPOAW1yBg==","deviceSignature":"PX3xCZhBTl73X3uyF+vXGEPL9lwnJHezA4E8YPYS5UlTQBO1YZRblnMoIA5llOc9Y0wBCksmBkKzhb9etqB6Bg=="},"signalIdentities":[{"identifier":{"name":"6287824662685:2@s.whatsapp.net","deviceId":0},"identifierKey":{"type":"Buffer","data":"BYFsdS1BYKCl6WqK4Y+E4xd0WrhtCChCng2CapXiNVg+"}}],"platform":"smba","routingInfo":{"type":"Buffer","data":"CAIIBQ=="},"lastAccountSyncTimestamp":1746090713,"lastPropHash":"3R9Z39","myAppStateKeyId":"AAAAADkp"}