[{"senderKeyId":1693484987,"senderChainKey":{"iteration":0,"seed":"OJuuZamhhv7n36I48ONKV6aEJcxjk/5FaR+3BbDOZ70="},"senderSigningKey":{"public":"BQWObG+s51XHsOFqBDljAPGm0AZSzPnJMAzJgmE3brEb"},"senderMessageKeys":[]},{"senderKeyId":425215607,"senderChainKey":{"iteration":1,"seed":"G4og45Xv32GFpbCZrxiTiEOKiY60U03UOBNanBgq1bg="},"senderSigningKey":{"public":"BQKrJ1m2EJHzAyYvg63AENle9vqdsDJ+7IUuuFzfdf0Q"},"senderMessageKeys":[]},{"senderKeyId":1959178766,"senderChainKey":{"iteration":1,"seed":"r2eh1RUhcDVi+dhmL4th1uWlfXItNU9vcu4Cvj+e2U4="},"senderSigningKey":{"public":"BX8yBVoEQcw+ywSwdu6h5Zz6fDGFR1JWuMxjaYhp0rgh"},"senderMessageKeys":[]},{"senderKeyId":1040470826,"senderChainKey":{"iteration":6,"seed":"B0j61VeHyzD+79wd6uW8SrmP79kW0X7hGNXEKrFkF2g="},"senderSigningKey":{"public":"BYB+Xk/UBwyo0ucgp9qqFCkawAutATDeu1ttseXdDH0W"},"senderMessageKeys":[]}]