[{"senderKeyId":1950357147,"senderChainKey":{"iteration":2,"seed":"yxVkbgouzSWxEEZ40v4F3yi+TWQl2zXOkutyDGjzEr4="},"senderSigningKey":{"public":"Bfy8IcYrxnJSGwcACM1DN5xn9pcVTQAqKmbQMSUYigpF"},"senderMessageKeys":[]},{"senderKeyId":1543260986,"senderChainKey":{"iteration":3,"seed":"HWaOgAMfvj31BlRkM5ZvIIfuNRSjzO0gI2xmasIgWTM="},"senderSigningKey":{"public":"BTOHKDH66nteSzXNu8vPLwpKkV+RD9qKNxxGCLgbEmIO"},"senderMessageKeys":[]},{"senderKeyId":430134995,"senderChainKey":{"iteration":36,"seed":"uRlx7byNg+E4XNC2uUYrwv2MAxBzOkLttZw5Kql1PdE="},"senderSigningKey":{"public":"BaCxmukrlyoZdKRR0MjpcNkDR87At/eXwFVMwenSvUYX"},"senderMessageKeys":[]},{"senderKeyId":1093188132,"senderChainKey":{"iteration":5,"seed":"apexEQ5WCHlhKyjNm/ZC35rMmtSb1gDATGGEe4GZgmk="},"senderSigningKey":{"public":"BYS9FVv3vM2pqOh7j+0FRuemy9oZ9KUF6WdCHHpMprNA"},"senderMessageKeys":[]},{"senderKeyId":701166192,"senderChainKey":{"iteration":80,"seed":"NkwqcQBj7+2vSSfKvbmzAda+dWc8wulRU/vRDoylpek="},"senderSigningKey":{"public":"BZbgRWI3dwSMIMfkNzpHRlYODsUkAaEwrQ+muHEoKS11"},"senderMessageKeys":[{}]}]