[{"senderKeyId":1310638910,"senderChainKey":{"iteration":4,"seed":"w89A68x4OpjT1SfpxZh0mfJJNScFlDyVK3vbjIQkAWM="},"senderSigningKey":{"public":"BeJty/sgU8xIYcBjGwydao7Z2BbE6YpIuTUhoLH/DXhu"},"senderMessageKeys":[]},{"senderKeyId":1310638910,"senderChainKey":{"iteration":3,"seed":"CWHvU9dGrdjxI1PQIfyrXSbrdMEwa9/3iFfSo9ELDdE="},"senderSigningKey":{"public":"BeJty/sgU8xIYcBjGwydao7Z2BbE6YpIuTUhoLH/DXhu"},"senderMessageKeys":[]},{"senderKeyId":1310638910,"senderChainKey":{"iteration":3,"seed":"CWHvU9dGrdjxI1PQIfyrXSbrdMEwa9/3iFfSo9ELDdE="},"senderSigningKey":{"public":"BeJty/sgU8xIYcBjGwydao7Z2BbE6YpIuTUhoLH/DXhu"},"senderMessageKeys":[]},{"senderKeyId":1310638910,"senderChainKey":{"iteration":3,"seed":"CWHvU9dGrdjxI1PQIfyrXSbrdMEwa9/3iFfSo9ELDdE="},"senderSigningKey":{"public":"BeJty/sgU8xIYcBjGwydao7Z2BbE6YpIuTUhoLH/DXhu"},"senderMessageKeys":[]},{"senderKeyId":1310638910,"senderChainKey":{"iteration":3,"seed":"CWHvU9dGrdjxI1PQIfyrXSbrdMEwa9/3iFfSo9ELDdE="},"senderSigningKey":{"public":"BeJty/sgU8xIYcBjGwydao7Z2BbE6YpIuTUhoLH/DXhu"},"senderMessageKeys":[]}]