[{"senderKeyId":1095220364,"senderChainKey":{"iteration":0,"seed":"AAiOBa+53wnemKfNY92WKMWvh2M/A2oECN7pcWr4u1E="},"senderSigningKey":{"public":"BUaXfgQvJKyDTGJl5rVoxsteBQGVOEvMZ21TnHfqKLoI"},"senderMessageKeys":[]},{"senderKeyId":1357355881,"senderChainKey":{"iteration":0,"seed":"l4km6Ln09KmWamj+xzv7r9L86twgWmoOMlDsGPn1gSA="},"senderSigningKey":{"public":"BVs+n8RojfFujXZLoKOf88p9SsVf9vG5Pvq2VXEbtY1W"},"senderMessageKeys":[]},{"senderKeyId":300868329,"senderChainKey":{"iteration":3,"seed":"FqhT0ooTquwAMO8BslIt8wbVsvTX7OCP4S9vLtzgEN4="},"senderSigningKey":{"public":"BbA8U1DNQTB9z102eweM1Bx9NwUwLMomzPbfyXi1lOUu"},"senderMessageKeys":[]}]