[{"senderKeyId":29372868,"senderChainKey":{"iteration":2,"seed":"3b8ExyOSC3yQUhAycrHpcjR4GOLWWek9JIVuQ/ySMiA="},"senderSigningKey":{"public":"BUyCOV8RiVYAARY6u7gOfu1k8CK6H8OBdeHijW9h0jki"},"senderMessageKeys":[]},{"senderKeyId":281167319,"senderChainKey":{"iteration":8,"seed":"rncdJ1cC/ShJBx+QR1eQHbsM23OTOj1PejrabhSWgTU="},"senderSigningKey":{"public":"BTDbNABCaTUPCf4dEVbmYPNFSYsfO5anMYOQGib6mOsy"},"senderMessageKeys":[]},{"senderKeyId":569339848,"senderChainKey":{"iteration":10,"seed":"DJYDxp0V6StJWFY5fM0qUBve+USKLOk41VXpR4KwiFM="},"senderSigningKey":{"public":"BcBagjADsTaAowZmQW/LmEmR/KmAYOWZbdD7RfXOAKtA"},"senderMessageKeys":[]}]