[{"senderKeyId":1816086268,"senderChainKey":{"iteration":1,"seed":"aSD88Eq9Uc92hJAFpbf/rPc8jqPuKBFXDyFoJVlg94c="},"senderSigningKey":{"public":"BQXLvszTaj0nxZ6sX3dv8oYl+s8SU4eXq67FAVadS1MQ"},"senderMessageKeys":[]},{"senderKeyId":1269532088,"senderChainKey":{"iteration":27,"seed":"CawAibn8dB+XsmrwrTY85PUYgPiZVuT28QZY2s3VRjg="},"senderSigningKey":{"public":"BeTzEyxeKjOGDWWbOwAbP1O5sM00+P0evjDHRRa6m+Rv"},"senderMessageKeys":[]},{"senderKeyId":1910844809,"senderChainKey":{"iteration":1,"seed":"qaSXhffU0FN+L3KybP69rfKeKE7K21u4AIdhAJ2DRjI="},"senderSigningKey":{"public":"BRQzeXr/HwItUlaxCrQupTgDJifKUbVs/HzPTEMcUGkR"},"senderMessageKeys":[]}]