[{"senderKeyId":1801672373,"senderChainKey":{"iteration":13,"seed":"Ginl3MpEQLSKk4EuXndWL6fNqCtpqjT7XaUgVeVDLIA="},"senderSigningKey":{"public":"BV+GOQZUUiMykW4FIVwqxM4nNgZtjQ+RtIcmKZsAcEB2"},"senderMessageKeys":[{}]},{"senderKeyId":1108735031,"senderChainKey":{"iteration":12,"seed":"QZdgFNKkR5SBbFMm4VpTji/utpeBh3V9QgIpFfXuwDk="},"senderSigningKey":{"public":"BY/9wjhlDBiZ1shPnLoyx1L78v9TVOfrgnwvoH3bnR1J"},"senderMessageKeys":[{}]},{"senderKeyId":1496386596,"senderChainKey":{"iteration":20,"seed":"CV4mPzAEC9LXO7xMAlHLgVkFAn9v3KC5Hqgz+ksQi3k="},"senderSigningKey":{"public":"Bf3ga72NQnUPYjx3mniOEhItaW1Hcpcj3lVpzUo3PNkZ"},"senderMessageKeys":[{},{},{}]}]