[{"senderKeyId":1791089742,"senderChainKey":{"iteration":1,"seed":"Uvg+aRx8+FLcSPD//qhZsXk+7v/z+uj72HvmYc9HIhc="},"senderSigningKey":{"public":"BQ0VgAfMN3qvjYFb9Q0KZgmB5XHYlJtDYyfE6luPX69f"},"senderMessageKeys":[]},{"senderKeyId":1633419312,"senderChainKey":{"iteration":35,"seed":"lXFH4INSN+XxT5MV4MZm3g6tW46H9HVp1oqwn0OhhL4="},"senderSigningKey":{"public":"Bc3+H5nUzOsrSLpKZ5HZHvpkf8tuEzXpUJ9fomIuiM1C"},"senderMessageKeys":[]},{"senderKeyId":945350232,"senderChainKey":{"iteration":50,"seed":"e91+hXLhdKH71fqoVp1NZPynnDZg6MGOPvHrYMEb9Kw="},"senderSigningKey":{"public":"BafJkJ25N5wcneJIABhgkrLbMzeMcqxeBhpr2IUBEL12"},"senderMessageKeys":[]},{"senderKeyId":572479646,"senderChainKey":{"iteration":15,"seed":"Bbvwm5+L3kabLrPwQRcgvSvWzOtR/yQv4W0P927TEeo="},"senderSigningKey":{"public":"BYm6AQk/XPR/uH/8dbUU07Cy8973AobrVzIyVNKChUoK"},"senderMessageKeys":[]}]