[{"senderKeyId":2036438202,"senderChainKey":{"iteration":0,"seed":"ADiwidryDAsuD47ht85HKO3li7KEQbofDoVTWSraOuM="},"senderSigningKey":{"public":"Bbt+YNM2zCR4PmjyvYRspwrgVMdO8jA5VXot3HrvU+FR"},"senderMessageKeys":[]},{"senderKeyId":116819014,"senderChainKey":{"iteration":1,"seed":"fVsaq1QQPalV5UI5BCbsMq4IJ6nRIOz06E9EEb19iFI="},"senderSigningKey":{"public":"BWhyTAsoT5aKNjZ9hreXVxXlXp0/NIf340qIGT896ZIz"},"senderMessageKeys":[]},{"senderKeyId":1836679156,"senderChainKey":{"iteration":1,"seed":"WYKwo5oV8sOCwb3AKkvlzBilcglXe/kLcTtzgyjJ2IA="},"senderSigningKey":{"public":"BTMr/n5jumLZDhgFbtX5q8bQY/rT5C3llmcyI/HkuoQP"},"senderMessageKeys":[]}]