[{"senderKeyId":26868723,"senderChainKey":{"iteration":17,"seed":"qVLUrMEnItxtyENQhVdPQC093GHKNcxdlL1UbEmoqBY="},"senderSigningKey":{"public":"BUfjZDg+VHhrp2dV7wen31FKirTF1cGgqRUcwN0GXT8I"},"senderMessageKeys":[]},{"senderKeyId":66548900,"senderChainKey":{"iteration":33,"seed":"jCqk1yZgtLkFYNHvokXyeuJdXMUpB71na8eOTEKmpVc="},"senderSigningKey":{"public":"BSLen3KaeCZ8mLyZmHpdmi2s/VY+DvtNr8Ctp9srhBRj"},"senderMessageKeys":[{}]},{"senderKeyId":238050746,"senderChainKey":{"iteration":1,"seed":"F240LUjJk68U6SkUs2DLsRIkdI0/agRQ0Ga3TER3VxQ="},"senderSigningKey":{"public":"BVWdi1JhBlAPBZJYVr2MCdC05kr2uulKQ5ZIBwbuk953"},"senderMessageKeys":[]}]