[{"senderKeyId":289322971,"senderChainKey":{"iteration":0,"seed":"AJ89TYe8W5uzc0Un68nH6TwOZVOt1cSn5REfAMg0qkE="},"senderSigningKey":{"public":"BbwLgf7VujDwGiktJh0hRK8VaYTv/Tc44hzPseL8asp/"},"senderMessageKeys":[]},{"senderKeyId":891576444,"senderChainKey":{"iteration":0,"seed":"cmO21W+0NXk2wECI3UkL/U/tTGGIRa923w+scNEvQOs="},"senderSigningKey":{"public":"BfPbzDsm+vGjL9nZTeVOvzRdolpOuKRj2tiicDqMrJoH"},"senderMessageKeys":[]},{"senderKeyId":179964670,"senderChainKey":{"iteration":21,"seed":"h42qSX5wpMNfquG2RR9bG+tPBa5dOZ7y/IJEeO5hC00="},"senderSigningKey":{"public":"BSAGECx321/jCFLJ8B2ISEVY1E1QDlsEkRzVd4OoTThE"},"senderMessageKeys":[{}]},{"senderKeyId":179964670,"senderChainKey":{"iteration":3,"seed":"OibsP40mVY8WuRwIo+SyGLYL9NIiO69lJu8p1YsvRKs="},"senderSigningKey":{"public":"BSAGECx321/jCFLJ8B2ISEVY1E1QDlsEkRzVd4OoTThE"},"senderMessageKeys":[]}]