[{"senderKeyId":2094124771,"senderChainKey":{"iteration":0,"seed":"uJsuCx0T23VoKUGnyzmxn6/j3LmYVTx775Etqk0FsqQ="},"senderSigningKey":{"public":"BVljSployFEd3RDqpx9k47D8m2j+UUFp+jzp7H4iE1w0"},"senderMessageKeys":[]},{"senderKeyId":1291949143,"senderChainKey":{"iteration":5,"seed":"9tZOB3QE1k5F+kmgiZ1E7p4lFECWvFAIHa5cxTA4Vzo="},"senderSigningKey":{"public":"BSdYwlaw5ycYLsot1MF7OwWeq7gIiwE+HMsrNUo0Ap9F"},"senderMessageKeys":[]},{"senderKeyId":1278866078,"senderChainKey":{"iteration":8,"seed":"VrQMkD3CXQxh0SNp/ltFXqYUM/QARokesosiNnMhzzg="},"senderSigningKey":{"public":"BaZfFrRlrrphQptJ58qIaf1BnfUknpLjVBNdwcsm4uUW"},"senderMessageKeys":[{}]}]