[{"senderKeyId":1334745342,"senderChainKey":{"iteration":7,"seed":"zGARjO20GhT3HqHUcPDKm1Fh27rE1pKdAiPc8Fj5xbc="},"senderSigningKey":{"public":"Bceo9zYiqBpljFWldTICLqV7aTBn2gUljUUXQBqEPwJr"},"senderMessageKeys":[]},{"senderKeyId":2077211856,"senderChainKey":{"iteration":0,"seed":"vll/UFxcdLmGD+X9sczDyJ1WLcPj/lqNjfmR708NBxA="},"senderSigningKey":{"public":"BWey4giH4FDIfwGRMRIr+qva8gR+bYM7vHxFRpNxtfAT"},"senderMessageKeys":[]},{"senderKeyId":447541526,"senderChainKey":{"iteration":9,"seed":"+4RoqLqwZBVC85YNLOT5sPnl+Ova88S78LxynZgaD2M="},"senderSigningKey":{"public":"BdvnjhrXVxZ/P3Rwr7lCcms7AwGbML/HEzm16FtOBh5f"},"senderMessageKeys":[]}]