[{"senderKeyId":1162459938,"senderChainKey":{"iteration":0,"seed":"b9evuhIylqZWcs4Wfje5TmUVVwVERGzP+bQD+MSwAfw="},"senderSigningKey":{"public":"BUok4Zyn3i6hWbA51g6BySFPV0r8oaCWXq9ybG5X8/oE"},"senderMessageKeys":[]},{"senderKeyId":1127788297,"senderChainKey":{"iteration":1,"seed":"qnWjIqOdcf9fNX87SWbakF3eiHV9feP1mjU40pWg5OA="},"senderSigningKey":{"public":"Be8hVhJxzMjW+wqupBtCeI1gf7IICFmES2pwVef/C7Ez"},"senderMessageKeys":[]},{"senderKeyId":1465706975,"senderChainKey":{"iteration":1,"seed":"U+h1pO7KiV0EtNuxXcb6irFScd8zAoAYgZ+noO4FD5Y="},"senderSigningKey":{"public":"BdcdWX62xudzZecgoQKrRpMmZ8AhpcaJNBdut4QKiSkg"},"senderMessageKeys":[]},{"senderKeyId":769897573,"senderChainKey":{"iteration":1,"seed":"d6hcZvAJIWbH+yR87E2cAqZaINLq9k4zp8LIz15WxOc="},"senderSigningKey":{"public":"BW/mkL529puUiEJ+WGrA+LbERPJaeMrhijHzWnpQlp5c"},"senderMessageKeys":[]}]