[{"senderKeyId":281565826,"senderChainKey":{"iteration":0,"seed":"f7OueGqlXs8oRqcTFY2G4v99sIthGam9NJsZJXMkomo="},"senderSigningKey":{"public":"BUqfILROSXbvTYlXLUjhWZGA1cLBOOLBTlGogalJwQF5"},"senderMessageKeys":[]},{"senderKeyId":281565826,"senderChainKey":{"iteration":0,"seed":"f7OueGqlXs8oRqcTFY2G4v99sIthGam9NJsZJXMkomo="},"senderSigningKey":{"public":"BUqfILROSXbvTYlXLUjhWZGA1cLBOOLBTlGogalJwQF5"},"senderMessageKeys":[]},{"senderKeyId":281565826,"senderChainKey":{"iteration":0,"seed":"f7OueGqlXs8oRqcTFY2G4v99sIthGam9NJsZJXMkomo="},"senderSigningKey":{"public":"BUqfILROSXbvTYlXLUjhWZGA1cLBOOLBTlGogalJwQF5"},"senderMessageKeys":[]},{"senderKeyId":281565826,"senderChainKey":{"iteration":0,"seed":"f7OueGqlXs8oRqcTFY2G4v99sIthGam9NJsZJXMkomo="},"senderSigningKey":{"public":"BUqfILROSXbvTYlXLUjhWZGA1cLBOOLBTlGogalJwQF5"},"senderMessageKeys":[]},{"senderKeyId":281565826,"senderChainKey":{"iteration":1,"seed":"/UohNj7zDd0V7a36I6M2PC26ERZosGH49lihXTPmvCE="},"senderSigningKey":{"public":"BUqfILROSXbvTYlXLUjhWZGA1cLBOOLBTlGogalJwQF5"}}]