[{"senderKeyId":1182659677,"senderChainKey":{"iteration":3,"seed":"ai0MUK6288Mjg5BTtWJIczKwtjdTXu02rG1yQMIpFdE="},"senderSigningKey":{"public":"Ba4OL7u1oH2Qg8N8zMj7HEBFpRoZHecQqMPOO+KkGjdL"},"senderMessageKeys":[]},{"senderKeyId":1613403964,"senderChainKey":{"iteration":1,"seed":"oiRoeTCGI0KSyKlF4TGJwOByOsrdf+ZyyNdOJkHNy3E="},"senderSigningKey":{"public":"BVL/DgNPaIY8seECq6bw0i9v/B7NHXl1zrUY3hHQBWdE"},"senderMessageKeys":[]},{"senderKeyId":634737129,"senderChainKey":{"iteration":1,"seed":"8V8lhXYI+1OLZLQFIT2BDamz5K17tgQEheYJCQsfVMw="},"senderSigningKey":{"public":"BSTGJI5s+baKt99FP3Q4O6lTmp8JD5INtIyTW2YcYg02"},"senderMessageKeys":[]}]