[{"senderKeyId":1378729212,"senderChainKey":{"iteration":19,"seed":"U6cuIDra7qPeIkYzPqO0ZD9xwzwT0TAofOC1aMOOYjo="},"senderSigningKey":{"public":"BeNsz736UcgMh5v6D6vf1SmCjC2ubc/T6c9DleMCCYdm"},"senderMessageKeys":[]},{"senderKeyId":1378729212,"senderChainKey":{"iteration":0,"seed":"4OdJpTseAOueGpeCzT69yozIK+QiY+TMt9IVHtLrmPU="},"senderSigningKey":{"public":"BeNsz736UcgMh5v6D6vf1SmCjC2ubc/T6c9DleMCCYdm"},"senderMessageKeys":[]},{"senderKeyId":1671876970,"senderChainKey":{"iteration":1,"seed":"EJCLHMlJfG99IWWiJB858yjZniF3h/QmobUiouRKVoc="},"senderSigningKey":{"public":"BZOBvnI+q3lTAqdWG2MIW15K0VpfPhjgW/Fz/5g68cpy"},"senderMessageKeys":[]},{"senderKeyId":739912621,"senderChainKey":{"iteration":17,"seed":"UWOsXILoUdN0ul0pypAIOlqGRrzWGaNb11CPPGBgsvM="},"senderSigningKey":{"public":"BYkE4ek/jiLMk6RyB+Y1nWPKYy5SfDXiXzZjLruK7sIV"},"senderMessageKeys":[]}]