[{"senderKeyId":1998689715,"senderChainKey":{"iteration":20,"seed":"5kf2OhAh8kkB3t6n2s0Jgnq7VfE+NyijwuUrvb6Habc="},"senderSigningKey":{"public":"BSifch9yPX3+15bf0MBmkANOIgV5sWgB8mdw0YV+A2V0"},"senderMessageKeys":[]},{"senderKeyId":34279180,"senderChainKey":{"iteration":35,"seed":"8m53YBhgIGXIiFQxdLUnm1gVCWDP9KpTdc+VQE9x8+w="},"senderSigningKey":{"public":"BWtsSrqEjphDAR9xd0vokcS9ttxEjXP0TI4ThDACDUMJ"},"senderMessageKeys":[]},{"senderKeyId":792276525,"senderChainKey":{"iteration":3,"seed":"jZybflB/GH4CphWs71+0eID94jQMJp7i5Hc8Q6NCi34="},"senderSigningKey":{"public":"BUrDReQU7hTLVzn/TQgLwgmVgYBWlYzPh9cPDM3e7fVW"},"senderMessageKeys":[]}]