[{"senderKeyId":1720196484,"senderChainKey":{"iteration":0,"seed":"rd3GXXWhRKu1HlioPOilYCqR+bGc7GDZ9P0vJ+l2DRk="},"senderSigningKey":{"public":"BQDRQFc43smsr3J6r9rJDE/xuFziP3crwx+g3XArr8kN"},"senderMessageKeys":[]},{"senderKeyId":1235926699,"senderChainKey":{"iteration":9,"seed":"Fnv3tywcRwgtJwgx+q1tZB/rMqnqbQ9Xj4jwUEWkaiQ="},"senderSigningKey":{"public":"BT2JqMUqSSA6DuQtwYIbAOiKZa39XDbUL1QNmu/kTckV"},"senderMessageKeys":[]},{"senderKeyId":942807036,"senderChainKey":{"iteration":2,"seed":"cyAsBf6fbdpbTeJWlefktXm8F57wConf4En5VCZUWaE="},"senderSigningKey":{"public":"BXgMW986V7w1ZAyBN8T57A6AF1m6wSidof4gjqy18/R3"},"senderMessageKeys":[]},{"senderKeyId":243221315,"senderChainKey":{"iteration":57,"seed":"M17C40WzrYu1CEOW/df8azDlPFmYP0uSFzurfvv0G5c="},"senderSigningKey":{"public":"BdsBZpdPFMD0JI4dgsErO0tbsJJgk7IwqdcmqcMs8pRv"},"senderMessageKeys":[{},{}]},{"senderKeyId":2144538513,"senderChainKey":{"iteration":4,"seed":"kR/MCvZdI54lNvKM6T1KA4uNuPWKGWqZ6HLM/3O0j2M="},"senderSigningKey":{"public":"BY7ML7a4xK/HEPCcui2EgTXQXnOUgmmanUwWfe0G6eYI"},"senderMessageKeys":[]}]