[{"senderKeyId":2029603552,"senderChainKey":{"iteration":0,"seed":"TpyZADZbqBIqE/p/dIsBdB246EBIQZe+gtsXaEs1v7I="},"senderSigningKey":{"public":"BcwRYEWVqEWL/uyBwU2FtUhjS5QunMLZS7hZ50JabDYC"},"senderMessageKeys":[]},{"senderKeyId":1695018672,"senderChainKey":{"iteration":19,"seed":"CK684ou/ueeniQdmAt8BY7KVnCOPB4cChGVlGpFRtzY="},"senderSigningKey":{"public":"BY7gLg757SZqdoseiYlvaSwUPd1xnMICc6nHFPBVZxYv"},"senderMessageKeys":[]},{"senderKeyId":1905061261,"senderChainKey":{"iteration":3,"seed":"VONVvSRWBOVRJwe7aE0VRx+YQD6/45v8TV4pi3cZVpI="},"senderSigningKey":{"public":"BeTDL62jAGh1ZZK3O4rKP83rENl63ZyVWFBEdlDXmD04"},"senderMessageKeys":[]}]