[{"senderKeyId":1418466688,"senderChainKey":{"iteration":1,"seed":"r4rhvsHG9rCx4muyR1007SYhLZwopiWsRsK9xnpkO9w="},"senderSigningKey":{"public":"BYfzU93SehBXmWcgJqVSM6pBwVfj9H1+hdSYzPAdNB9p"},"senderMessageKeys":[]},{"senderKeyId":1430286907,"senderChainKey":{"iteration":3,"seed":"pNUnMRbtDesYgUrMufSsZ4t3s2fG6afi1K/U0x3vKk0="},"senderSigningKey":{"public":"BXkXt3sNc+x7GIADR9xwC/lRSYxHPKQ/K8ZOT/7XI0AA"},"senderMessageKeys":[]},{"senderKeyId":80436,"senderChainKey":{"iteration":1,"seed":"NVjhrPd9GV4dizuPjFT7kuoQUsDp8UhPSvnqLg6SfYM="},"senderSigningKey":{"public":"BU+9L0qBvZUayQVMgmZCov1ua7ZbUzCtIhsSFiv8BRsJ"},"senderMessageKeys":[]}]