[{"senderKeyId":1434378302,"senderChainKey":{"iteration":6,"seed":"7IfIcBQwxkDaNxMtbnVGJJuGHqUpU6jVamdzGGrfuLM="},"senderSigningKey":{"public":"BQzZZsKoj+XTMAS0l8ZlEb2jWafgoNE3Iu88ce6PWXt2"},"senderMessageKeys":[]},{"senderKeyId":1434378302,"senderChainKey":{"iteration":5,"seed":"dCVrUl8nthtnVtrpnTEh4PB5N86A7ELEM1szgi7gpGo="},"senderSigningKey":{"public":"BQzZZsKoj+XTMAS0l8ZlEb2jWafgoNE3Iu88ce6PWXt2"},"senderMessageKeys":[]},{"senderKeyId":1434378302,"senderChainKey":{"iteration":5,"seed":"dCVrUl8nthtnVtrpnTEh4PB5N86A7ELEM1szgi7gpGo="},"senderSigningKey":{"public":"BQzZZsKoj+XTMAS0l8ZlEb2jWafgoNE3Iu88ce6PWXt2"},"senderMessageKeys":[]},{"senderKeyId":1434378302,"senderChainKey":{"iteration":5,"seed":"dCVrUl8nthtnVtrpnTEh4PB5N86A7ELEM1szgi7gpGo="},"senderSigningKey":{"public":"BQzZZsKoj+XTMAS0l8ZlEb2jWafgoNE3Iu88ce6PWXt2"},"senderMessageKeys":[]}]