[{"senderKeyId":431027182,"senderChainKey":{"iteration":53,"seed":"jxQ0qm0EZGRvvT+S/LFVd/MXmFDyad/H8XacZyv/26k="},"senderSigningKey":{"public":"BXmwljZ92lYd/ZZ/+zBq/H/qvKzC2Do8V7gJzDiywStC"},"senderMessageKeys":[]},{"senderKeyId":2062467710,"senderChainKey":{"iteration":9,"seed":"jp7ov+PDVQYf8oOoPf8hlKywI8q4KjsrybRg4TaonnY="},"senderSigningKey":{"public":"BdE47ulfjuXqh+5PTlOPPYBhBosAofDdKalfhs8wE69x"},"senderMessageKeys":[]},{"senderKeyId":481743078,"senderChainKey":{"iteration":1,"seed":"itcWXCiYMJRUbmVVcz5E5kNjDY2xW4XB8rp+BbaDKyU="},"senderSigningKey":{"public":"BaRP6OcwRfmXyJiFhwOM//imRjCUuF8tPXASv22OYiML"},"senderMessageKeys":[]}]