[{"senderKeyId":892620774,"senderChainKey":{"iteration":3,"seed":"QVyKqehT5DBVC6O9qarIg2CnOoJHYD7UQKxePQDYz3Q="},"senderSigningKey":{"public":"BS/yX6C9Kv9nNkDBZAkVaMcoQG8dYY4UeHTQich3hbcm"},"senderMessageKeys":[]},{"senderKeyId":1225289445,"senderChainKey":{"iteration":0,"seed":"FfBkz8n95YXT6x98BsVhurlG3LNVd58dD5yh0YZHL34="},"senderSigningKey":{"public":"BWcwr6GpgbO5k3EMY1nkSIulPJffdxNzQQGq0c6yzbMQ"},"senderMessageKeys":[]},{"senderKeyId":1568661575,"senderChainKey":{"iteration":7,"seed":"AwyYr3xflDbohH38Qf1y3S8Z9tZExqO5VQ/A5cJ0XzQ="},"senderSigningKey":{"public":"BYEHxKwNvfbSFifzSq5n1VaiUjnTTY+yia9tbdtrT/NW"},"senderMessageKeys":[]},{"senderKeyId":1876156372,"senderChainKey":{"iteration":4,"seed":"mHZ4S2iLZW7+W2fWJ9do2bRcn6H+/qeOPuKdS3IQX0s="},"senderSigningKey":{"public":"BVddnBrvm3RivzapDgRY3xU5hLVt5y59OvCR2kdFeLRe"},"senderMessageKeys":[]}]