[{"senderKeyId":1802773615,"senderChainKey":{"iteration":0,"seed":"NfpGS83huqEoQx1Bdot8zf6iRSiz098HZuWfr1NSSVY="},"senderSigningKey":{"public":"BUbJY555qX7y/HKnv/OLvLwMCEF1LNYk72hlOxDz1MNL"},"senderMessageKeys":[]},{"senderKeyId":1011578452,"senderChainKey":{"iteration":0,"seed":"88BSjyyd2t8FjyXnQx9be1CbeCzFdBBhQzAddDAfcm0="},"senderSigningKey":{"public":"BdkZIdZK/yZ5U6OcNjpYOJLh+3RhYOYRpWvZQbaf2uVe"},"senderMessageKeys":[]},{"senderKeyId":647003979,"senderChainKey":{"iteration":2,"seed":"+4sv/4Et7QU1FWXkeYk58kbHjAn9r0h1F/dgOu0AEcE="},"senderSigningKey":{"public":"BayrWmtPKA6Sm3W8Yl2AxmA7d7japl15RPEoQmpPSjQs"},"senderMessageKeys":[]}]