[{"senderKeyId":516143664,"senderChainKey":{"iteration":0,"seed":"WUfFMg4Sx0VOvLmnnnT0kdaJgi2AM0kT0K5VNswhFnE="},"senderSigningKey":{"public":"BXPUI0ps6KvlfoNUw1oIe3r7ki+GaocY+qkPeCTuD1d5"},"senderMessageKeys":[]},{"senderKeyId":577938600,"senderChainKey":{"iteration":0,"seed":"JSZkEFTYsMdW0utb6/oxFhiY0zudxDcJcYLEal2eygM="},"senderSigningKey":{"public":"BQPEMudqex3EscojjRG2FxDcv1rxrymWL/Ku/Ms3laV2"},"senderMessageKeys":[]},{"senderKeyId":1594849710,"senderChainKey":{"iteration":2,"seed":"JnyfLQ+fIzNowiWxgD8J5vcpMB8c4I1FiUov54QF/LQ="},"senderSigningKey":{"public":"BWcoXauHFmaBSqq9nbSEcBd41Nt3dNP70coqSfKt6MNl"},"senderMessageKeys":[]}]