[{"senderKeyId":152858653,"senderChainKey":{"iteration":1,"seed":"MuNREG2ZFAzb/rYWGfXiQ1F87ovMdiHrkkMtBorg7vI="},"senderSigningKey":{"public":"Be7M2V4ZpXL0WfwZcwPZobKWS5ChqDQFDMjEcUqGg8sb"},"senderMessageKeys":[]},{"senderKeyId":1052275924,"senderChainKey":{"iteration":45,"seed":"4m+q8Pb0tmsqkoj25nQQnnGv65vytqFpiMWtwVm4RX4="},"senderSigningKey":{"public":"BQlzS50kSpL/xbMite+S8ypSxlXD2OOMBgEbJ3Y6s0RI"},"senderMessageKeys":[{}]},{"senderKeyId":1453994172,"senderChainKey":{"iteration":4,"seed":"EHLAHH1KX4LAldVNwbCy8uZ1mrrNT2A5p6Q+lYIF7Uk="},"senderSigningKey":{"public":"BdiGit+XHXtnlpql5xPxH9fGaILWTdUSKJuqkINvqzMY"},"senderMessageKeys":[]},{"senderKeyId":408784526,"senderChainKey":{"iteration":10,"seed":"rpnRWIeAsFjuZEgKKUhQFa6NkWt/DP0/Uzu9iwmYhnA="},"senderSigningKey":{"public":"BVDRDFIckNr0V+J4k2JVgVvLYDmM5YTkxELUphF/x/NO"},"senderMessageKeys":[]},{"senderKeyId":1905049399,"senderChainKey":{"iteration":1,"seed":"LhK7LeQUjnsQFDdgEEoQa7BwUmGlAquR65KVbkblHQ0="},"senderSigningKey":{"public":"BZS9bpdxAxTQI0rZx+Yr3BqZPWyVBOXv2SkibFd7Zv8t"},"senderMessageKeys":[]}]