[{"senderKeyId":2058685067,"senderChainKey":{"iteration":0,"seed":"M0oQscPF2xRrpWxm9RSiS1qM+B1bEGvWXapBZ5/wrUg="},"senderSigningKey":{"public":"BQB5m3WbVY2s2Bxy72Wh4zNl5nJ527rsd7/aj5wwvOxm"},"senderMessageKeys":[]},{"senderKeyId":1038858478,"senderChainKey":{"iteration":2,"seed":"3EdM0YXNb8wB+qhaU596YAEK7wz5pFRl54R96TLIQmA="},"senderSigningKey":{"public":"BYguZdXGjkVTHjIDrIumnf6ornxC4vIAHUHmuAWPJO4L"},"senderMessageKeys":[]},{"senderKeyId":287954231,"senderChainKey":{"iteration":12,"seed":"lvQ64zEk/Vs0/9KEPFZumj9u53gRwe4MT87040PZf0w="},"senderSigningKey":{"public":"BQRZRbgnVY+ViBu2nA36koFWVWL41xpSCdws6EDJt6cX"},"senderMessageKeys":[]},{"senderKeyId":1139653447,"senderChainKey":{"iteration":23,"seed":"fY/ka/uV3y4bpMgOMTFoMhLj6Q2+MbC50rzk9hXRDcE="},"senderSigningKey":{"public":"BSlZn3pzV/YBU/zRt/HMTZOvRBhJHYLayHg3ms1CsLoT"},"senderMessageKeys":[{}]}]