[{"senderKeyId":396272331,"senderChainKey":{"iteration":1,"seed":"q3lJjDpBqz6tGEgP/ttjg5mKbBZjzzrIsAk0jeFuuU4="},"senderSigningKey":{"public":"BXtwirGDRTjrA0vOY+0X1elLiRaspDJcLJfmuFvGd6QB"},"senderMessageKeys":[]},{"senderKeyId":1350215670,"senderChainKey":{"iteration":1,"seed":"tHgb25Gpm4oViTNpTdzTMCdA+bnZjammOF8jIMH4unU="},"senderSigningKey":{"public":"BaETXybuLxAxUv9Vio6S5665o/0O6l8ySVMeVR0icEU+"},"senderMessageKeys":[]},{"senderKeyId":492428051,"senderChainKey":{"iteration":0,"seed":"YNz5ZgYurdQVXoQyGLjxb4GX5TvQpD5tcgJ2MLlX4hc="},"senderSigningKey":{"public":"Ba/UIRd0GN4GGEGrcrxThJZs5MUhJVBR8w3IR8N2NvsW"}}]