[{"senderKeyId":1621971937,"senderChainKey":{"iteration":339,"seed":"djwmkN8kVS2pKsc85514l7JfqhJXWv7hMoYhY87wynM="},"senderSigningKey":{"public":"BQ1/6z5aGJCTv6CzuHJ4QMFbXItICwTq9tD1Xl+imGhN","private":"WGQZrh17cE1qkUPZUd0mBGOrHRB4ZmOnY54AmAuYbkA="},"senderMessageKeys":[{},{},{},{},{},{},{},{},{},{},{},{},{},{},{},{},{},{},{},{},{},{},{},{},{},{},{},{},{},{},{},{},{},{},{},{},{},{},{},{},{},{},{},{},{},{},{},{},{},{},{},{},{},{},{},{},{},{},{},{},{},{},{},{},{},{},{},{},{},{},{},{},{},{},{},{},{},{},{},{},{},{},{},{},{},{},{},{},{},{},{},{},{},{},{},{},{},{},{},{},{},{},{},{},{},{},{},{},{},{},{},{},{},{},{},{},{},{},{},{},{},{},{},{},{},{},{},{},{},{},{},{},{},{},{},{},{},{},{},{},{},{},{},{},{},{},{},{},{},{},{},{},{},{},{},{},{},{},{},{},{},{},{},{},{},{},{},{},{}]}]