[{"senderKeyId":2034762173,"senderChainKey":{"iteration":0,"seed":"NZA5KeHGa86dnjbNsSePv+eLOCGHLze38zZPeEwij5w="},"senderSigningKey":{"public":"BUkviWY0/JJljk5Q3JkWJApVCJcT+0z4UT1RYpg4jZcd"},"senderMessageKeys":[]},{"senderKeyId":865152933,"senderChainKey":{"iteration":1,"seed":"JFM01h1+NKI9f31yfvxo875bkCHxflgagD6c9jXkVkQ="},"senderSigningKey":{"public":"BdtJWp1CE4+wm0Smm0GQ4+Jq38sU6Bu3485FGDTI80ty"},"senderMessageKeys":[]},{"senderKeyId":1423023781,"senderChainKey":{"iteration":9,"seed":"roAuX4B4ae3hItd8FjTicjgcf/MyXF8+XvZ6dJMmYJs="},"senderSigningKey":{"public":"Bc88R/bHu2xkTD27+nkutRenyB2jBoIVQqm/AWcAv6Vx"},"senderMessageKeys":[{}]}]