[{"senderKeyId":1168721515,"senderChainKey":{"iteration":0,"seed":"fqOJfHoEppDzSnsfEKzfgDWYdoxjfKI8YYqn/mdER68="},"senderSigningKey":{"public":"BRckH6u76e/Cxce+e1L3xXOoqszyooIvHsH6PvIV/F53"},"senderMessageKeys":[]},{"senderKeyId":2011359878,"senderChainKey":{"iteration":2,"seed":"HD3T2nkGhPTWho8xymD2NtRiESIxJUudAmhNG84MSeY="},"senderSigningKey":{"public":"BeUAph8sdsIhbXhsk8MazLnSIEkANSVsMacxq7L657ot"},"senderMessageKeys":[]},{"senderKeyId":1034413178,"senderChainKey":{"iteration":1,"seed":"HjHwMepQjPHwbRxXSC+1HEZgsBy7o6VxfMaIPawswhU="},"senderSigningKey":{"public":"BX9HZP3XKXaut0TM1R6lhF5YqH+xkVuxNp0xbRaKvqok"},"senderMessageKeys":[]},{"senderKeyId":601712195,"senderChainKey":{"iteration":10,"seed":"sGVJ6wq0ctqEovLvRkNr4Xv11AOzRShDZAi+3u1djAI="},"senderSigningKey":{"public":"BcuUG5kGV4t58ZWcUG1l12qon16zhBGz+YbSNUexk60Q"},"senderMessageKeys":[]}]