[{"senderKeyId":1972696086,"senderChainKey":{"iteration":8,"seed":"J5cV1g39D8pqbUyv1oy/vuLKKKkf1nOTp2FafSR+Z1I="},"senderSigningKey":{"public":"BSXDjHSbvq5TNLnZsQJ7MRqz85DqD82BHYuczT9aobZd"},"senderMessageKeys":[]},{"senderKeyId":1818378875,"senderChainKey":{"iteration":5,"seed":"O7bJ4cP0xRUWsD6yiYwo/uYMAW+lWUonzkHA5djksOo="},"senderSigningKey":{"public":"BT3fSjjAadhgEyp1atUDU+pAxSZ6daVwnUa6BpoGhj80"},"senderMessageKeys":[]},{"senderKeyId":2123444969,"senderChainKey":{"iteration":7,"seed":"57qEUeXKDH1I1LYwH9C0ACh4HEhHYanDP8fWlHhUnYA="},"senderSigningKey":{"public":"BSdV7uvWQwGwYBzLHHrakPnVdL76EJ5aJ/0qDy91Yv52"},"senderMessageKeys":[{}]}]