[{"senderKeyId":1879659492,"senderChainKey":{"iteration":1,"seed":"7P2AYni3hN95I7c+aCEuHgiVcqQnf9qvVwtHq1m70I4="},"senderSigningKey":{"public":"BeqwRIKeuc7jtFxvuT2ND20FIVjZBapX3AWqw1aVlSxu"},"senderMessageKeys":[]},{"senderKeyId":1879659492,"senderChainKey":{"iteration":0,"seed":"pQsISL2KadSPTvCkMxYRkFufxitlw5IroY5jMtWhqTM="},"senderSigningKey":{"public":"BeqwRIKeuc7jtFxvuT2ND20FIVjZBapX3AWqw1aVlSxu"},"senderMessageKeys":[]},{"senderKeyId":146495213,"senderChainKey":{"iteration":0,"seed":"qRPZspuTKtIS1YjXHm0YPIPNMmyM8hcQQGnUKwH1Hs0="},"senderSigningKey":{"public":"BSroOQp1jTt9h1ld14jADG/U8XEh7UeLy50H9kNDgxsN"}}]