[{"senderKeyId":838695632,"senderChainKey":{"iteration":25,"seed":"EXAB59Ncw1K3jUw2aVZTVpGpA4hwp+P55dUZqoe1G3Q="},"senderSigningKey":{"public":"BZiUelGlac2eRTCxk2VfVg5RyOS3IUu9BIvnRhNoJVtd"}},{"senderKeyId":838695632,"senderChainKey":{"iteration":25,"seed":"EXAB59Ncw1K3jUw2aVZTVpGpA4hwp+P55dUZqoe1G3Q="},"senderSigningKey":{"public":"BZiUelGlac2eRTCxk2VfVg5RyOS3IUu9BIvnRhNoJVtd"}},{"senderKeyId":838695632,"senderChainKey":{"iteration":25,"seed":"EXAB59Ncw1K3jUw2aVZTVpGpA4hwp+P55dUZqoe1G3Q="},"senderSigningKey":{"public":"BZiUelGlac2eRTCxk2VfVg5RyOS3IUu9BIvnRhNoJVtd"}}]