{"_sessions":{"BW5BgIL1NLSwVl4Pt0Kfa2Hk+jOvVWy2LPPmmmlmA3Z2":{"registrationId":1297586856,"currentRatchet":{"ephemeralKeyPair":{"pubKey":"BflC/j//h/27ECqOPrk8DFTZNqgkx48g28Zo1NENBlQ1","privKey":"kFZqqsx5Z9oGmxPrkG/1jL1HAJ/zz6VjA/da8P2k4Uk="},"lastRemoteEphemeralKey":"BR7o4+L4KouLR66YYYmjQPPcOjTDyhPqc9+TcevXKeEQ","previousCounter":0,"rootKey":"t1oGbJBxBNJu3oAokk/Bmlzmn8iPG997MAVtm70G9PE="},"indexInfo":{"baseKey":"BW5BgIL1NLSwVl4Pt0Kfa2Hk+jOvVWy2LPPmmmlmA3Z2","baseKeyType":1,"closed":-1,"used":1746109837876,"created":1746109837876,"remoteIdentityKey":"BahW5pLf2VGGO86touCwUlDJ5yT6FIxbz1/f/EEqOnAK"},"_chains":{"BflC/j//h/27ECqOPrk8DFTZNqgkx48g28Zo1NENBlQ1":{"chainKey":{"counter":0,"key":"numRnCT9RdUfUWooI2oxVOtj9Y1+FaAJMNhuoWFPDDU="},"chainType":1,"messageKeys":{}}},"pendingPreKey":{"signedKeyId":6,"baseKey":"BW5BgIL1NLSwVl4Pt0Kfa2Hk+jOvVWy2LPPmmmlmA3Z2","preKeyId":6915543}}},"version":"v1"}