{"_sessions":{"BS1MN5FE9YT1Tqf4d9gtrqDiDtPJSx1ey3SoxtOVuFQR":{"registrationId":1492586022,"currentRatchet":{"ephemeralKeyPair":{"pubKey":"BbGzrPDBAeyUEo6wvcxGsChgRazY4U2k5JdTySKcfAx/","privKey":"4HBxAXPk64m7yBeFi2xI2DgIt0T0vaprNJGUq+3dnmA="},"lastRemoteEphemeralKey":"Bbf9GIWDDQxLUFqEXpX3ZyLr8ee4uN3kjp2vMpOfDKRp","previousCounter":0,"rootKey":"6l0ip0rzWuDpjbn/DlqO0gHIeDRyx9pMcsmgO/ui38c="},"indexInfo":{"baseKey":"BS1MN5FE9YT1Tqf4d9gtrqDiDtPJSx1ey3SoxtOVuFQR","baseKeyType":2,"closed":1746087706785,"used":1746087706330,"created":1746087706330,"remoteIdentityKey":"BYJxND57q0ju+mX2slkihzeGz5ySN9tgHYE7vfLj0lI8"},"_chains":{"Bbf9GIWDDQxLUFqEXpX3ZyLr8ee4uN3kjp2vMpOfDKRp":{"chainKey":{"counter":0,"key":"Qx4lUQnK1rvVcDD9lsKTrmoqqfcO2E7ZMSQGLKkdtbQ="},"chainType":2,"messageKeys":{}},"BbGzrPDBAeyUEo6wvcxGsChgRazY4U2k5JdTySKcfAx/":{"chainKey":{"counter":-1,"key":"FUYPD4jmKSgVZEZvartetNVJKEA4dv33oaJKX54B+MM="},"chainType":1,"messageKeys":{}}}},"BYbSsoS3iNFbehZHz7Vd7U1nSKk0RVnU1z4E6BqJZcxP":{"registrationId":1492586022,"currentRatchet":{"ephemeralKeyPair":{"pubKey":"Bee6p98CnCnVwjpmWw7e6hhP0dqPGOjVjAzJSb8pd1JZ","privKey":"yHaxzr7Rj+CdznO5nnNnPWirNNFv+KJVkCjXU7a/hF0="},"lastRemoteEphemeralKey":"BZqTCPNeEcnu7aCDZHW83Tw+ISSVhcro2Jm/sbTSwxQk","previousCounter":0,"rootKey":"RjcMWXKbcYzFdC7tP05Pvd+z8VBBcEEXNRGGLBC986s="},"indexInfo":{"baseKey":"BYbSsoS3iNFbehZHz7Vd7U1nSKk0RVnU1z4E6BqJZcxP","baseKeyType":2,"closed":1746087707420,"used":1746087706787,"created":1746087706787,"remoteIdentityKey":"BYJxND57q0ju+mX2slkihzeGz5ySN9tgHYE7vfLj0lI8"},"_chains":{"BZqTCPNeEcnu7aCDZHW83Tw+ISSVhcro2Jm/sbTSwxQk":{"chainKey":{"counter":0,"key":"NBPw8QPZIjJJH9srRBJ1NzX3fhJHXdLMVYLP6j6noHQ="},"chainType":2,"messageKeys":{}},"Bee6p98CnCnVwjpmWw7e6hhP0dqPGOjVjAzJSb8pd1JZ":{"chainKey":{"counter":-1,"key":"yVOeKU2P4YNFYJH7KoQwsUpPL9xebOMX+zhCPaEdRQg="},"chainType":1,"messageKeys":{}}}},"BWN9H8a3DSLK7zVEGxGTml9Vd50DbV2YqSQzUy6eyBxC":{"registrationId":1492586022,"currentRatchet":{"ephemeralKeyPair":{"pubKey":"BdhjkZIJuTXjexF5MpZB4KJDj2mX/zBwtsXXaJgYx2sG","privKey":"mCKli0aTNduzW4qCj02ZqSxiY/Q0YsQF8HM71mCESHU="},"lastRemoteEphemeralKey":"BW/92ZV8G+DixGZLMxcnaZptiZ4LQuBY3GMUlPgnmctm","previousCounter":0,"rootKey":"8QWdDVCEoEiraClvRXMWfSi/keqwsiBeg5JcyIsyymg="},"indexInfo":{"baseKey":"BWN9H8a3DSLK7zVEGxGTml9Vd50DbV2YqSQzUy6eyBxC","baseKeyType":2,"closed":1746087707901,"used":1746087707422,"created":1746087707422,"remoteIdentityKey":"BYJxND57q0ju+mX2slkihzeGz5ySN9tgHYE7vfLj0lI8"},"_chains":{"BW/92ZV8G+DixGZLMxcnaZptiZ4LQuBY3GMUlPgnmctm":{"chainKey":{"counter":0,"key":"9hY7be/CxIRbw1uQXwdigX2/oKzTKXsArJKm4jrjnYs="},"chainType":2,"messageKeys":{}},"BdhjkZIJuTXjexF5MpZB4KJDj2mX/zBwtsXXaJgYx2sG":{"chainKey":{"counter":-1,"key":"cH+P105q8irAxND4f2QHiKFF6IW39w09Rp+KXJKeGOk="},"chainType":1,"messageKeys":{}}}},"Beuu0kVaHQaSPk3dkMJj45CI1dmsiIskmNT26kM9LVh0":{"registrationId":1492586022,"currentRatchet":{"ephemeralKeyPair":{"pubKey":"BZZ0E2gSBNkUJttT9BusMfrqk5MUpWU7Mb7vg/864QoN","privKey":"MBXACGpLWrFv4kxtGdTETvXET1xdRUWA041+9aLAq20="},"lastRemoteEphemeralKey":"BefIJRRl8ssmPxZLZk7xQqeewQ93CR99S/wzws9nUFpT","previousCounter":0,"rootKey":"/ODb7iuXWWzIQkJoI4UDSQicELfUE3kslASE1GJskkM="},"indexInfo":{"baseKey":"Beuu0kVaHQaSPk3dkMJj45CI1dmsiIskmNT26kM9LVh0","baseKeyType":2,"closed":1746087708397,"used":1746087707904,"created":1746087707904,"remoteIdentityKey":"BYJxND57q0ju+mX2slkihzeGz5ySN9tgHYE7vfLj0lI8"},"_chains":{"BefIJRRl8ssmPxZLZk7xQqeewQ93CR99S/wzws9nUFpT":{"chainKey":{"counter":0,"key":"Onyxk+PbvA5GdUbipJR9kb3+hsjUYecYcydF/sF/LZg="},"chainType":2,"messageKeys":{}},"BZZ0E2gSBNkUJttT9BusMfrqk5MUpWU7Mb7vg/864QoN":{"chainKey":{"counter":-1,"key":"ApixpnorPqRYoAqQ/jUG1r317pPfSFKwfqThwLiHAmo="},"chainType":1,"messageKeys":{}}}},"BXXkDn1r96N8XPBWq0maAbfiz9hXNYajA7G7IwYp7KNl":{"registrationId":1492586022,"currentRatchet":{"ephemeralKeyPair":{"pubKey":"BeSfliqBofrpfRuAcmLSON0XXIx5VvQfuTpfJkCK1gxn","privKey":"IC2q7FC2NWN714z2MiQVm/nnn5+2jrY1rYiMQ1HnT10="},"lastRemoteEphemeralKey":"BUfLC4DDZoIqKNwS2DzJvYK2YAvN4RVeLlIIlbiEuBhk","previousCounter":3,"rootKey":"ij77Ig3u00EQJPJt63iXtU9rAh4hHCM5yNN1ZTsVms8="},"indexInfo":{"baseKey":"BXXkDn1r96N8XPBWq0maAbfiz9hXNYajA7G7IwYp7KNl","baseKeyType":2,"closed":-1,"used":1746091406152,"created":1746087708400,"remoteIdentityKey":"BYJxND57q0ju+mX2slkihzeGz5ySN9tgHYE7vfLj0lI8"},"_chains":{"BXfP+Ft0KcFSgcV/7IlwOO7GAjgzYhIdCGvwgoS4RvdC":{"chainKey":{"counter":9},"chainType":2,"messageKeys":{}},"BesI/EMe3yddOlfjxBCkAmOKc1Qzd1vBBGHTIuL2jQEI":{"chainKey":{"counter":0},"chainType":2,"messageKeys":{}},"BUfLC4DDZoIqKNwS2DzJvYK2YAvN4RVeLlIIlbiEuBhk":{"chainKey":{"counter":0,"key":"016I87xxYQSueUxqAzC8lkDqDOHN43bX1LFRoU+PuJw="},"chainType":2,"messageKeys":{}},"BeSfliqBofrpfRuAcmLSON0XXIx5VvQfuTpfJkCK1gxn":{"chainKey":{"counter":-1,"key":"hzwmDWPTeBhNwr2lEktFvrZU+Kyll13okIcng9iPWSQ="},"chainType":1,"messageKeys":{}}}}},"version":"v1"}