{"_sessions":{"Be8qUQoJ+Q42ep3jTblVmc56jN5rfqyUrUXskOWS6EJe":{"registrationId":90609799,"currentRatchet":{"ephemeralKeyPair":{"pubKey":"BQ44FqOZMKllGeOCBZek0/Un7PMncpmGGNXPmMxL+qNh","privKey":"AA6CL1NqN3ycOT2d0RmtgkgeSJBIAODeZuReVhVWl2g="},"lastRemoteEphemeralKey":"BTHLPyUkB6EV1QNJTOFaxCvNauiWpTAwiaH5nDHUZ6VN","previousCounter":0,"rootKey":"AW5fSDcuBPZA+/zi2dvGZ6UTHj2pjyicdqK3nN9/G/o="},"indexInfo":{"baseKey":"Be8qUQoJ+Q42ep3jTblVmc56jN5rfqyUrUXskOWS6EJe","baseKeyType":1,"closed":-1,"used":1746109837837,"created":1746109837837,"remoteIdentityKey":"BRpiVf7WmEip4hL76vsIIgmQ5B4JPpugAPaBLzAe2WdD"},"_chains":{"BQ44FqOZMKllGeOCBZek0/Un7PMncpmGGNXPmMxL+qNh":{"chainKey":{"counter":0,"key":"6ukD+WwdR6ItmA8fgN42JRfXeBpZO23gi6vc75k+gGE="},"chainType":1,"messageKeys":{}}},"pendingPreKey":{"signedKeyId":0,"baseKey":"Be8qUQoJ+Q42ep3jTblVmc56jN5rfqyUrUXskOWS6EJe"}}},"version":"v1"}