{"_sessions":{"BXO3EIh6VJganoz45Kj8zRlL+COR9lQ27583hlHUWncX":{"registrationId":591858993,"currentRatchet":{"ephemeralKeyPair":{"pubKey":"BR8oJ/CQ9uKvh2bY+DCsIVSyfHsyo6ldjsGfAKNY7XJ9","privKey":"EJKnA5DDjXWj3I9+dPUI92W6/seCt8/XtSVVmbpfXnI="},"lastRemoteEphemeralKey":"BSGPIQhuKTD0o5zUWa0D3BR1qIH2hQE1Aq2HBk61m2Zb","previousCounter":0,"rootKey":"TimDelqJD/Vkrm4GNAyWthPuCYZxAM99zeQ9BWXZy+M="},"indexInfo":{"baseKey":"BXO3EIh6VJganoz45Kj8zRlL+COR9lQ27583hlHUWncX","baseKeyType":1,"closed":-1,"used":1746104067808,"created":1746104067808,"remoteIdentityKey":"Bb7mLmXxNqh5gxzH5i8Yz6B8CxlH3hstlPHspHA8HsQE"},"_chains":{"BR8oJ/CQ9uKvh2bY+DCsIVSyfHsyo6ldjsGfAKNY7XJ9":{"chainKey":{"counter":0,"key":"DJxrEZEfV3sTywzqgP7OxkVSTurFKe3dbpHEEhjwijw="},"chainType":1,"messageKeys":{}}},"pendingPreKey":{"signedKeyId":3,"baseKey":"BXO3EIh6VJganoz45Kj8zRlL+COR9lQ27583hlHUWncX","preKeyId":2004130}}},"version":"v1"}