{"_sessions":{"BdGHkBlKrU1rbLacIVYnUTjtoIrQO5JeJWpra5/nJKVN":{"registrationId":14063,"currentRatchet":{"ephemeralKeyPair":{"pubKey":"Bbh3uBvLqt+1qlubEigCho3Z9Dumn6roji9KReNghT8U","privKey":"QKNxiAMkaVULQeW4fFVRCiUU3jlkiFXF+POZL+bSE2g="},"lastRemoteEphemeralKey":"BdpffAXnyVQ9ljS07c1wXK3MwWRVi3ViD9+vakW5f0Yj","previousCounter":0,"rootKey":"ireTwbssBWfaKFXev7ZVMHVK2p6+A5XvUkgdoEjbNAo="},"indexInfo":{"baseKey":"BdGHkBlKrU1rbLacIVYnUTjtoIrQO5JeJWpra5/nJKVN","baseKeyType":1,"closed":-1,"used":1746110362297,"created":1746110362297,"remoteIdentityKey":"BaoItB2jAGbZEgM124b/k3fyKLK4r7zneLD/f5trX3l0"},"_chains":{"Bbh3uBvLqt+1qlubEigCho3Z9Dumn6roji9KReNghT8U":{"chainKey":{"counter":2,"key":"V2xmUf9oWn30njxcwwfZZmLRnVLxRE4d7/rI8SRSRpM="},"chainType":1,"messageKeys":{}}},"pendingPreKey":{"signedKeyId":2,"baseKey":"BdGHkBlKrU1rbLacIVYnUTjtoIrQO5JeJWpra5/nJKVN","preKeyId":6642}}},"version":"v1"}