{"_sessions":{"BcYd45zfi9QNxAl29y9mOgfub/eQwNHReggkFcW/GXgw":{"registrationId":516153939,"currentRatchet":{"ephemeralKeyPair":{"pubKey":"BSPTi6XVJraLGKTQ3PlTNVJ4CRcnwOux5DblnSgBQbEh","privKey":"uFH4WfB461TwD8fA7fUToCmQDR2a0tElGBxpuvOupU8="},"lastRemoteEphemeralKey":"BXMWtdwCUp5EKvhk914a0idF4gCzbnknkq9jIUNoNJQy","previousCounter":0,"rootKey":"DtUfxgGU0IqziwqJKDcTaX2L4cPWQIAfI8wq0IOVSDQ="},"indexInfo":{"baseKey":"BcYd45zfi9QNxAl29y9mOgfub/eQwNHReggkFcW/GXgw","baseKeyType":1,"closed":1746105101810,"used":1746105094166,"created":1746105094166,"remoteIdentityKey":"BQe7MzxSlmst9LnDoRzK37NnjOSN57DgCfmDc0N/XmgB"},"_chains":{"BSPTi6XVJraLGKTQ3PlTNVJ4CRcnwOux5DblnSgBQbEh":{"chainKey":{"counter":0,"key":"jySNMSzz2sdmYNAxAsO4n0rOWtYfViNKCHzc7rUXogw="},"chainType":1,"messageKeys":{}}},"pendingPreKey":{"signedKeyId":13,"baseKey":"BcYd45zfi9QNxAl29y9mOgfub/eQwNHReggkFcW/GXgw","preKeyId":388969}},"BWOQzVz2T24JKuj7D0/8uYxRQQGbQ+Hx1GhFqcbEu7ET":{"registrationId":516153939,"currentRatchet":{"ephemeralKeyPair":{"pubKey":"BUQZc16z0QrAQvucbJpqQgEtARat9psjieaPhdF42aMA","privKey":"kFBXANgPFQRF7I2p9PqUa0ehw5OZ4l1v9T9PxA/brlQ="},"lastRemoteEphemeralKey":"BUbHmd7VauVbXGWhrwNRwDKuRnpccp2oyqkh5cKqaqlA","previousCounter":0,"rootKey":"jAKRFTYRnFg9QMvEBhBQj7QrrBnXRojNUQVGsB+2+7w="},"indexInfo":{"baseKey":"BWOQzVz2T24JKuj7D0/8uYxRQQGbQ+Hx1GhFqcbEu7ET","baseKeyType":2,"closed":-1,"used":1746105101813,"created":1746105101813,"remoteIdentityKey":"BQe7MzxSlmst9LnDoRzK37NnjOSN57DgCfmDc0N/XmgB"},"_chains":{"BUbHmd7VauVbXGWhrwNRwDKuRnpccp2oyqkh5cKqaqlA":{"chainKey":{"counter":0,"key":"z/QvyRYlc0usKgWz2u5UZLPrBXvtj8B6Teat/jogmck="},"chainType":2,"messageKeys":{}},"BUQZc16z0QrAQvucbJpqQgEtARat9psjieaPhdF42aMA":{"chainKey":{"counter":-1,"key":"l7geVSfjxbsr/IEPVy/LqGpgY9n20aatNP7AZBs8A4A="},"chainType":1,"messageKeys":{}}}}},"version":"v1"}