{"_sessions":{"BSCpbcf5Q0niusI/gDhGtFLvtPJCji29BboOPibFGYgF":{"registrationId":1104721148,"currentRatchet":{"ephemeralKeyPair":{"pubKey":"Bb152FHgkzq2HCHL3RtbaDifSrXFy+Ugbknaw2vkaAs9","privKey":"QDLOYVyWME+WC/YDD+NfmtUQCW+8KOY6CcVPtDY5REQ="},"lastRemoteEphemeralKey":"BfTLn8UplFlKU6RnKOspgyf5KctHM76m55ZJV02Xan1z","previousCounter":0,"rootKey":"o55+OScuapJfUEz4YY45CXLk8N2ZSVLSw7sxEhAOO5c="},"indexInfo":{"baseKey":"BSCpbcf5Q0niusI/gDhGtFLvtPJCji29BboOPibFGYgF","baseKeyType":1,"closed":-1,"used":1746081127168,"created":1746081127168,"remoteIdentityKey":"BZL1bsbKOhz3zRqcX8JB1pn2iHg384o0WH3rHwhfDuha"},"_chains":{"Bb152FHgkzq2HCHL3RtbaDifSrXFy+Ugbknaw2vkaAs9":{"chainKey":{"counter":0,"key":"g4MfvAtzEoCGMYlyloIVyfm3JN9zxvv+fYC3QuwxiZw="},"chainType":1,"messageKeys":{}}},"pendingPreKey":{"signedKeyId":9,"baseKey":"BSCpbcf5Q0niusI/gDhGtFLvtPJCji29BboOPibFGYgF","preKeyId":5451798}}},"version":"v1"}