{"_sessions":{"BdUv8CfU3tsRnA6menIPX6WwVZ7W7RgAD15R0re8RsMW":{"registrationId":1217827181,"currentRatchet":{"ephemeralKeyPair":{"pubKey":"BX3X4DomY+sv13FAg04u0psH3WqcZG624pOFJkfVradQ","privKey":"CJ7gteg7CwEIomVcpIFo9zv0NNwFdUnBI0/VniXcqU4="},"lastRemoteEphemeralKey":"BXwv3zK4Geiw0wLvWotZfA8F0Rb7Z4pZgxx5MPx1NHw5","previousCounter":0,"rootKey":"xRSt/9k/tlDHofQL9invA1k1x5HDAMOh0c1FG1lzjDM="},"indexInfo":{"baseKey":"BdUv8CfU3tsRnA6menIPX6WwVZ7W7RgAD15R0re8RsMW","baseKeyType":1,"closed":-1,"used":1746110362431,"created":1746110362431,"remoteIdentityKey":"Bbgy9AAH74Rewus9nXWMjEoIcVJMpIXKbfOGnV19tkxj"},"_chains":{"BX3X4DomY+sv13FAg04u0psH3WqcZG624pOFJkfVradQ":{"chainKey":{"counter":2,"key":"pQInxJ4fKToHx1WFjkFnSVAyGtBGJd5BCS3bG3xcAFw="},"chainType":1,"messageKeys":{}}},"pendingPreKey":{"signedKeyId":12,"baseKey":"BdUv8CfU3tsRnA6menIPX6WwVZ7W7RgAD15R0re8RsMW"}}},"version":"v1"}