{"_sessions":{"BRO1YN4p1U8Pe4aF2byEn/6soChX4Fk3yGgTY5P90d5i":{"registrationId":2355,"currentRatchet":{"ephemeralKeyPair":{"pubKey":"BcoqNLndVmF4sapTj+ENKqQI9uILerUsN8+/joLOPKEe","privKey":"AKqEJuXxAgzLVaFhDltt/zgJz8wdPRC1DSqyYFmJmV0="},"lastRemoteEphemeralKey":"BQBXfIQw+oYSg/PPsPmPZVSieKnqwOKXwJAREil6mS5W","previousCounter":0,"rootKey":"yhI+GR016rij5Sfs4lx+6BUpI2JtpOhBEfxxWyoFWQ8="},"indexInfo":{"baseKey":"BRO1YN4p1U8Pe4aF2byEn/6soChX4Fk3yGgTY5P90d5i","baseKeyType":1,"closed":-1,"used":1746109837815,"created":1746109837815,"remoteIdentityKey":"BemEFdn73K+BBZj6vRYB9Tp+JZKjqgwtswPgML8hvWVZ"},"_chains":{"BcoqNLndVmF4sapTj+ENKqQI9uILerUsN8+/joLOPKEe":{"chainKey":{"counter":0,"key":"NSszMfPGFP8zYtVs5Pny+Z13wb7QszfwR0GPABASuZs="},"chainType":1,"messageKeys":{}}},"pendingPreKey":{"signedKeyId":1,"baseKey":"BRO1YN4p1U8Pe4aF2byEn/6soChX4Fk3yGgTY5P90d5i"}}},"version":"v1"}