{"_sessions":{"BfXA/pnJnLE/Nkr6XBPbdfIzRBzztlsrN9rCWmIbjq0d":{"registrationId":554338075,"currentRatchet":{"ephemeralKeyPair":{"pubKey":"BWs1zBhJ8pdxYhgrAzMgu/GRpU4MGblkN3gRTCFTFFBY","privKey":"UINUS8xSYS1+YZhr7MRXQHouaoKygpxf6m9GQ4E6M0A="},"lastRemoteEphemeralKey":"BYDxs6mKdlxzQuJgidTw3Vkxef7ags/FAgVKyz+DhPZo","previousCounter":0,"rootKey":"kqZSvildPFLG5gts39qGX3haOVgRubpH/vNjYG81qN0="},"indexInfo":{"baseKey":"BfXA/pnJnLE/Nkr6XBPbdfIzRBzztlsrN9rCWmIbjq0d","baseKeyType":1,"closed":-1,"used":1746089130483,"created":1746085499039,"remoteIdentityKey":"BX199vKAikgMeBlXg+U10Fz2+PYCWTc94UgYqzqQbu5X"},"_chains":{"BZJpYp5zy5JU+dQ7Rq6wyZ58Rm2molQQmYpUl+a/fMtJ":{"chainKey":{"counter":2},"chainType":2,"messageKeys":{}},"BYDxs6mKdlxzQuJgidTw3Vkxef7ags/FAgVKyz+DhPZo":{"chainKey":{"counter":1,"key":"N0+ATEmbL5eaYiXkm2ri69CKNvpbbyTwZ39xbx1u/To="},"chainType":2,"messageKeys":{}},"BWs1zBhJ8pdxYhgrAzMgu/GRpU4MGblkN3gRTCFTFFBY":{"chainKey":{"counter":5,"key":"vvbReZibkxOK45aTYQ/87sM9WUiV3Uu+WNnqP6ApYKk="},"chainType":1,"messageKeys":{}}}}},"version":"v1"}