{"_sessions":{"BXwhRwt8rKW8pk+bNq+GrLd77jReV1K//Q5dPL0V8oZD":{"registrationId":1076473124,"currentRatchet":{"ephemeralKeyPair":{"pubKey":"BfJYZBN7l0k//FkRX/8N5EzRgj6Z2ZABYjHa96I/wW9f","privKey":"0JUPx3ndfOQVYWXHbDnxPT2ORkEDOfnPOoBqb6se52k="},"lastRemoteEphemeralKey":"BQk0fEN+93CKDnWUgytUlyVCNoNpGfJoVfALYeVN578S","previousCounter":0,"rootKey":"rdmKBwbpH5MLj0yhJjdONh5DESqR+kYC5jag++QzBJ0="},"indexInfo":{"baseKey":"BXwhRwt8rKW8pk+bNq+GrLd77jReV1K//Q5dPL0V8oZD","baseKeyType":1,"closed":-1,"used":1746109837880,"created":1746109837880,"remoteIdentityKey":"BWmelJmWer+IMrw3Sv7BhSNX/mdb6qQPdknwSDIBUOUN"},"_chains":{"BfJYZBN7l0k//FkRX/8N5EzRgj6Z2ZABYjHa96I/wW9f":{"chainKey":{"counter":0,"key":"cgPDsikG1HooIvG0yJ5lAku0GgMAAwnpPwNQl5t6Fyc="},"chainType":1,"messageKeys":{}}},"pendingPreKey":{"signedKeyId":2,"baseKey":"BXwhRwt8rKW8pk+bNq+GrLd77jReV1K//Q5dPL0V8oZD","preKeyId":13989282}}},"version":"v1"}