{"_sessions":{"BT3oDf14qgbA3hiJgvUdQoCe/lEUcPXw3oMceieDdnkz":{"registrationId":413351768,"currentRatchet":{"ephemeralKeyPair":{"pubKey":"BXxfSgcRSY5jnbrAXm/QXMJzAexY7E4v9UcixcS87BxN","privKey":"sFDTZReBASBGha6wEPi6Ftnbh0qfTJiGTmb4Air7ams="},"lastRemoteEphemeralKey":"Beh4nVIjKSgWApVhv4dKffGm2DBnz7NVR6x7fhdFs/Jg","previousCounter":0,"rootKey":"pdbOYDWLIN5vA0JOkhVWzNNzOQJq94r7QaAivafmUYQ="},"indexInfo":{"baseKey":"BT3oDf14qgbA3hiJgvUdQoCe/lEUcPXw3oMceieDdnkz","baseKeyType":1,"closed":-1,"used":1746110362399,"created":1746110362399,"remoteIdentityKey":"BW3GNzwcmIxf4X3QghxC5vZf3/0Z/q33vAYadJKK/3By"},"_chains":{"BXxfSgcRSY5jnbrAXm/QXMJzAexY7E4v9UcixcS87BxN":{"chainKey":{"counter":0,"key":"BIaRTx+GTO+html+fVcWrm6/6WMj3IqoXgmGtZ3IdjY="},"chainType":1,"messageKeys":{}}},"pendingPreKey":{"signedKeyId":15,"baseKey":"BT3oDf14qgbA3hiJgvUdQoCe/lEUcPXw3oMceieDdnkz","preKeyId":1035412}}},"version":"v1"}