{"_sessions":{"BXNTfFfPBu7m5hfh/f+xmRIc9aUwAWUmyHnsjDVsHA0Z":{"registrationId":2001294203,"currentRatchet":{"ephemeralKeyPair":{"pubKey":"BXNT4Ns+gjr2eYSypJ8CNUMqn1X72eP5zTd7b4CgTJ59","privKey":"QLOImv4oC+ImMvklzCXYf2yetqzuA8XV+shU9WgVAks="},"lastRemoteEphemeralKey":"BZBOM6luuUHsxLVG2EpNNy517c+uC9Ac+X6EMprl/tkU","previousCounter":0,"rootKey":"0nG0nr7ZT87Ha1ZlZJW2Lf3AMBF3/eUF/1fGNm017jc="},"indexInfo":{"baseKey":"BXNTfFfPBu7m5hfh/f+xmRIc9aUwAWUmyHnsjDVsHA0Z","baseKeyType":1,"closed":-1,"used":1746110595497,"created":1746110595497,"remoteIdentityKey":"BdUvVsy0ExXQdGp6SyTnGZ2VMwWmoE6RP8KiTFw4sYA4"},"_chains":{"BXNT4Ns+gjr2eYSypJ8CNUMqn1X72eP5zTd7b4CgTJ59":{"chainKey":{"counter":0,"key":"xrgt5jlUXHSOsazXxdDk3EcqRfKHgd6r3y1TUhfmQ98="},"chainType":1,"messageKeys":{}}},"pendingPreKey":{"signedKeyId":8,"baseKey":"BXNTfFfPBu7m5hfh/f+xmRIc9aUwAWUmyHnsjDVsHA0Z","preKeyId":1943172}}},"version":"v1"}