{"_sessions":{"BbqhaQcA1I4hKNHPhFxnmZ538Up8QU0j8JxFGuhm6ytN":{"registrationId":1520383392,"currentRatchet":{"ephemeralKeyPair":{"pubKey":"BUc+YKGTsxcfoC9OeMafINC7Nn+3naBUcC6Eg6SdAUod","privKey":"GCOm8/EI9p7Om1h8dtwGDC7mQxmujG1Afvsu+9zZTEo="},"lastRemoteEphemeralKey":"Bd+AAl7SU0zlmFCG+qOvjSkpqxamZ0UGvowFnBOdfKBy","previousCounter":0,"rootKey":"LNz8eZ1CHtmdcLIHpMcxLAo2CeVErLF9Rg11MYD0v/Q="},"indexInfo":{"baseKey":"BbqhaQcA1I4hKNHPhFxnmZ538Up8QU0j8JxFGuhm6ytN","baseKeyType":1,"closed":-1,"used":1746105094174,"created":1746105094174,"remoteIdentityKey":"BdbXAyg/bV1GTV6qGUhMrv1yPfXOGaKE1ZNfvrmA/rxp"},"_chains":{"BUc+YKGTsxcfoC9OeMafINC7Nn+3naBUcC6Eg6SdAUod":{"chainKey":{"counter":0,"key":"C/hgmF+MewN1zHJvERD/Eg6xt8VwsyAYS05gGs1UXK4="},"chainType":1,"messageKeys":{}}},"pendingPreKey":{"signedKeyId":17,"baseKey":"BbqhaQcA1I4hKNHPhFxnmZ538Up8QU0j8JxFGuhm6ytN","preKeyId":2595097}}},"version":"v1"}