{"_sessions":{"BYEYxMUwCBQFCFD47beb+6I8dxmcIYfzXM65/vQQfWUH":{"registrationId":448586838,"currentRatchet":{"ephemeralKeyPair":{"pubKey":"BT7odY2UtzBt3RKJV+rtYCsTj+qIqImEQEdb9pGk3NpX","privKey":"+Mt3766/imsc4ubOvP6nSCQ7S8Tjrtrkiy3nl7AXpV4="},"lastRemoteEphemeralKey":"BSNfnzeeHKVJVLKA9ai9YQlMHeqoVeb0a81ZD/qL+IN9","previousCounter":0,"rootKey":"FUKmCXgvvI5PZstAxtGP1tZcRmrcpPW06tfbh/wZfSE="},"indexInfo":{"baseKey":"BYEYxMUwCBQFCFD47beb+6I8dxmcIYfzXM65/vQQfWUH","baseKeyType":1,"closed":-1,"used":1746081127217,"created":1746081127217,"remoteIdentityKey":"Bfstyl9JgX7HS/VqYEB3261DktnNIY13742b85fgW0c8"},"_chains":{"BT7odY2UtzBt3RKJV+rtYCsTj+qIqImEQEdb9pGk3NpX":{"chainKey":{"counter":0,"key":"o/laxCNU3BkITWloHFf5fQ8ngT1f+DIS1esYkAsc+7Y="},"chainType":1,"messageKeys":{}}},"pendingPreKey":{"signedKeyId":4,"baseKey":"BYEYxMUwCBQFCFD47beb+6I8dxmcIYfzXM65/vQQfWUH","preKeyId":16620997}}},"version":"v1"}