{"_sessions":{"BVisW3eY46Kpcw4ndfSRm5PbLaNVtFQPzxLpWGQmELg/":{"registrationId":1055005888,"currentRatchet":{"ephemeralKeyPair":{"pubKey":"BQYmT5G47IA+z+OdnaMwuFb7HKFSSsdwWtAZXxLhuyhs","privKey":"YAx8/EizPK9D066AeYdcYwktaFp6t5Kd/2StnTEda1g="},"lastRemoteEphemeralKey":"BfIL9gQ2G0g8Uz7XFQXoLuXAcSoDofySxr2dOK3amU0o","previousCounter":0,"rootKey":"iWuMjPYdfHx/3BSqAYteMLkk0gww+M6kUqhqc/lMkRE="},"indexInfo":{"baseKey":"BVisW3eY46Kpcw4ndfSRm5PbLaNVtFQPzxLpWGQmELg/","baseKeyType":1,"closed":-1,"used":1746109837922,"created":1746109837922,"remoteIdentityKey":"BV8h0A6rS2xBnbm6ppsco2hMYDIIYiFlqEc7K0d2hLld"},"_chains":{"BQYmT5G47IA+z+OdnaMwuFb7HKFSSsdwWtAZXxLhuyhs":{"chainKey":{"counter":0,"key":"M1PcuUkY1WeBAomKpvnTzWQ9FUilj+SIJIMz4wG/tHM="},"chainType":1,"messageKeys":{}}},"pendingPreKey":{"signedKeyId":19,"baseKey":"BVisW3eY46Kpcw4ndfSRm5PbLaNVtFQPzxLpWGQmELg/","preKeyId":13020313}}},"version":"v1"}