{"_sessions":{"BTfn0vNidqm+Xly789OyzFC30chidgseX6my/eEJD3xD":{"registrationId":307511700,"currentRatchet":{"ephemeralKeyPair":{"pubKey":"BbMx/4F88mEmdbS72qyMjO0Lri/YVkd9BRiuyoIGdHBE","privKey":"oAwWcX+IhOw4KhvldwXNK9bOqRbLacrTNI2Ksh1CNFY="},"lastRemoteEphemeralKey":"BZdR+PChKNBRPCSLpnZqHDRZnsLUDSwog/WUwZwKIjwB","previousCounter":0,"rootKey":"h41xtYdI8L8qSD7WIdwCNSCF6PKXX82leeG+CtbLpNM="},"indexInfo":{"baseKey":"BTfn0vNidqm+Xly789OyzFC30chidgseX6my/eEJD3xD","baseKeyType":1,"closed":-1,"used":1746087843331,"created":1746085499152,"remoteIdentityKey":"BYtNgrRPqxisIsG3tAPOYIgj5pAl2icuZDWYZ1kyLPp2"},"_chains":{"BZdR+PChKNBRPCSLpnZqHDRZnsLUDSwog/WUwZwKIjwB":{"chainKey":{"counter":1,"key":"jmTJ98ATN9p8PfwB8DtTbdygyLPBVe7UwGlhEFePSSM="},"chainType":2,"messageKeys":{}},"BbMx/4F88mEmdbS72qyMjO0Lri/YVkd9BRiuyoIGdHBE":{"chainKey":{"counter":6,"key":"+V1gxGLIr+NpmVWL8bq4zGA8qt0Lb8wMxIoSrAnF/b0="},"chainType":1,"messageKeys":{}}}}},"version":"v1"}