{"_sessions":{"BbzcMcmtkodnt6EMI68MwnOWHx7WTV9ky8o6PQJQ5cYv":{"registrationId":2131780814,"currentRatchet":{"ephemeralKeyPair":{"pubKey":"BTciS4ThPKfIdneSJ6vr2oV4+H5lxM1pzw2kwtcr0H5e","privKey":"GNqNJUsHSoVwnKbWvmes7NFagy+q3fhrGdFlWK6f11E="},"lastRemoteEphemeralKey":"Bdlxcfys+ACoPV+pivLYyj7xeSJFwW53XCi6zcss1bxk","previousCounter":0,"rootKey":"DCIXM7wymjzciriQiGqFth/sS9Mmklez+rXfC6M1FRM="},"indexInfo":{"baseKey":"BbzcMcmtkodnt6EMI68MwnOWHx7WTV9ky8o6PQJQ5cYv","baseKeyType":1,"closed":-1,"used":1746105511080,"created":1746105094126,"remoteIdentityKey":"BYa1qtw1GihgY3sujIs32/p7nMq3Ief/OXk+oabrWGw8"},"_chains":{"Bdlxcfys+ACoPV+pivLYyj7xeSJFwW53XCi6zcss1bxk":{"chainKey":{"counter":1,"key":"yGl/O0RWpMtQlz+cWeYBafxB+r6orHnqy06OqflfTCY="},"chainType":2,"messageKeys":{}},"BTciS4ThPKfIdneSJ6vr2oV4+H5lxM1pzw2kwtcr0H5e":{"chainKey":{"counter":-1,"key":"FdRkx23Qn1b0fcFApUGNKo5ubQA6ePDLf7TUwXssq4Y="},"chainType":1,"messageKeys":{}}}}},"version":"v1"}