{"_sessions":{"BbJU0WNsKyyEW3wnPmoU1wm76DK8J++4IE5TjiXYbvxj":{"registrationId":858732,"currentRatchet":{"ephemeralKeyPair":{"pubKey":"BVqjQnxtY2oOwqObx072QBHuYKTiihn+mIYqk4uOWqcw","privKey":"CPGidEO63p8M/NHYuv/0UAWhvS25oEUv6EdLcx0NonE="},"lastRemoteEphemeralKey":"BZ2W2zJU+t1OM1ak/6CUxpgMdh41el75DAyObsXNC2tK","previousCounter":3,"rootKey":"0S307m1dJxXJR8yVBc+mXCIKBvJ/bI2gWsC92TwV8Ok="},"indexInfo":{"baseKey":"BbJU0WNsKyyEW3wnPmoU1wm76DK8J++4IE5TjiXYbvxj","baseKeyType":1,"closed":-1,"used":1746090719488,"created":1746085499014,"remoteIdentityKey":"BTXMN4o1ET/fBO9YVy0DTNNDFh65G3ANcCRstLlJ3DVs"},"_chains":{"BbUt7HW4gLzzxhBR6PgzK0hNzqqypSMw3o/NQaSRebsI":{"chainKey":{"counter":1},"chainType":2,"messageKeys":{}},"BZ2W2zJU+t1OM1ak/6CUxpgMdh41el75DAyObsXNC2tK":{"chainKey":{"counter":1,"key":"lpLrV2gIV0r8PrbUnOrDXMRwEQJfI/ypqpFmzdWLAJk="},"chainType":2,"messageKeys":{}},"BVqjQnxtY2oOwqObx072QBHuYKTiihn+mIYqk4uOWqcw":{"chainKey":{"counter":2,"key":"QSj/rc8v969xBtLMQ1fU22U1GFurnp/FoD8u0+X751w="},"chainType":1,"messageKeys":{}}}}},"version":"v1"}