{"_sessions":{"BUFTu4HHPzCnvVL+t+jkVSR4RdR/H0snELYTUs0qwmE4":{"registrationId":14191,"currentRatchet":{"ephemeralKeyPair":{"pubKey":"BTVNwFrZnk7efODacSvhqLnrSJWqnhOqME6zJQmVg6RM","privKey":"gAalcPy83jHylmPjgA4WeI4wbZEiD313F2qqT9N8BkQ="},"lastRemoteEphemeralKey":"BQt9Dt1Zm9XdhNja3AepLsZpmsXOc6kVP911I2AcoPdd","previousCounter":0,"rootKey":"ma+Yo5Qd9LqtqEbLwPvmmVMWK1Ze7ZVFuweQPcDk4U0="},"indexInfo":{"baseKey":"BUFTu4HHPzCnvVL+t+jkVSR4RdR/H0snELYTUs0qwmE4","baseKeyType":1,"closed":-1,"used":1746110362313,"created":1746110362313,"remoteIdentityKey":"Bags3aGbrtArxQbQ2D7j52KVc1lVCd6LNNKAe/EGCwFh"},"_chains":{"BTVNwFrZnk7efODacSvhqLnrSJWqnhOqME6zJQmVg6RM":{"chainKey":{"counter":2,"key":"jAAW97w3LtNZGfeJ/1Vx0mkeu4A8UirZR0hJgcu+WR0="},"chainType":1,"messageKeys":{}}},"pendingPreKey":{"signedKeyId":1,"baseKey":"BUFTu4HHPzCnvVL+t+jkVSR4RdR/H0snELYTUs0qwmE4","preKeyId":3339}}},"version":"v1"}