{"_sessions":{"BSd+356d9DS+wiLrqfs8vYnLSZZxCmTqYLTyOs8xv3N3":{"registrationId":1108495655,"currentRatchet":{"ephemeralKeyPair":{"pubKey":"BVxdI1UTCo0ZcN1BDN9HwYTuQvR1k9+2U2T6cMftal0o","privKey":"WE6VNqa1eUYW26CU+BudCaftisqw0HQ4yWjIptA7OVo="},"lastRemoteEphemeralKey":"BdOtqzWmUOc7/kLNPxaVxCAaOdV1LDEeNIZg5FFCLbZX","previousCounter":0,"rootKey":"ZztB8XwvJsSL2lmgZOBx7SM+GtYbTqpIozSIGgJBtN8="},"indexInfo":{"baseKey":"BSd+356d9DS+wiLrqfs8vYnLSZZxCmTqYLTyOs8xv3N3","baseKeyType":1,"closed":-1,"used":1746105757037,"created":1746105094134,"remoteIdentityKey":"Baigkk38bRLfYTTqSdapc9refAmalL7e0UzgZ2HhHp89"},"_chains":{"BdOtqzWmUOc7/kLNPxaVxCAaOdV1LDEeNIZg5FFCLbZX":{"chainKey":{"counter":0,"key":"N6fTLoA8Xig6shWLZiUuKJYwCLyohbUKOLLAcVsieI4="},"chainType":2,"messageKeys":{}},"BVxdI1UTCo0ZcN1BDN9HwYTuQvR1k9+2U2T6cMftal0o":{"chainKey":{"counter":-1,"key":"z2CL8r5sYqnHN1/sfdGF8n4JDcSMy0UIiwIl+/nJ7SQ="},"chainType":1,"messageKeys":{}}}}},"version":"v1"}