{"_sessions":{"BThJa/L1wMuQffkTZmsaGj6+Z2XWMMiCJmi0EmsPQbc7":{"registrationId":1311191702,"currentRatchet":{"ephemeralKeyPair":{"pubKey":"BTj+umQQyTg6JuSyEJltTpzEX0ADbk61gtamVHfIUa9B","privKey":"0C3HzEZuM1eZJzeJg1dfok8brQ+tjbKfFE+uqHq8/Xc="},"lastRemoteEphemeralKey":"BYfA9Lxk/RhMuHzgKnZxE6rhhA6GkhWP4YrxfM6YpdwU","previousCounter":0,"rootKey":"hCevDuvQ/Mz+4yn60G2gU4NsfhgQBOVnggJ88gkLiMw="},"indexInfo":{"baseKey":"BThJa/L1wMuQffkTZmsaGj6+Z2XWMMiCJmi0EmsPQbc7","baseKeyType":1,"closed":-1,"used":1746086037415,"created":1746085499027,"remoteIdentityKey":"BVcVionYKf/3xBznrKq4t0xjr4tx3mBXMtF0+/VnA+QR"},"_chains":{"BYfA9Lxk/RhMuHzgKnZxE6rhhA6GkhWP4YrxfM6YpdwU":{"chainKey":{"counter":0,"key":"2/Y9PwslerArqX84SU23zv62hWfpaAHyKZhBdJGthd8="},"chainType":2,"messageKeys":{}},"BTj+umQQyTg6JuSyEJltTpzEX0ADbk61gtamVHfIUa9B":{"chainKey":{"counter":6,"key":"w3Jdpmkl4K/aAQ0O/G9Vbfv/x7eFZBPVK7Yyja8PgGo="},"chainType":1,"messageKeys":{}}}}},"version":"v1"}