{"_sessions":{"Bf7p4XcqHMqUh5rZHXVr5/Rig6M+TnKOla7TVHNzwj84":{"registrationId":1028658835,"currentRatchet":{"ephemeralKeyPair":{"pubKey":"BYjxbzMdRDIZpr8I+ga/XgLqmWHotDU09+1duosWNLYQ","privKey":"aBnk2OlRHD0xo+VbHiywhcElU6JM/LCzPpRi0r9T1Vs="},"lastRemoteEphemeralKey":"BSCihzY5fJFvLxA6jwV5PfLJfw6xopGF5uNSODsi3dZ3","previousCounter":0,"rootKey":"Yw4Vi89QESqqBWr2zHjkD1tpqrCKCO8MJILdVHYBev8="},"indexInfo":{"baseKey":"Bf7p4XcqHMqUh5rZHXVr5/Rig6M+TnKOla7TVHNzwj84","baseKeyType":1,"closed":-1,"used":1746110362418,"created":1746110362418,"remoteIdentityKey":"BQ4Q9X+4YsHVR5oJWkmgCY5cKmFKki5pj+0mFbLx/qN1"},"_chains":{"BYjxbzMdRDIZpr8I+ga/XgLqmWHotDU09+1duosWNLYQ":{"chainKey":{"counter":2,"key":"8MCL02piunDcmkLzVqtTaySO+Px+m6S+if0rMHnK66Q="},"chainType":1,"messageKeys":{}}},"pendingPreKey":{"signedKeyId":21,"baseKey":"Bf7p4XcqHMqUh5rZHXVr5/Rig6M+TnKOla7TVHNzwj84","preKeyId":9302359}}},"version":"v1"}