{"_sessions":{"BYToM+s+mlNr8R5oxrU8GWkaBofQfWeUSiM8myRFNFtX":{"registrationId":1504534452,"currentRatchet":{"ephemeralKeyPair":{"pubKey":"BUNrg12G+k2ulVRxd4rdyl4ApBLCUzvyEgCKmmO3Y0MR","privKey":"UHrYzmD93KE1axLxtp/Xrnz5StoLGaqTRc8NgWc2x0s="},"lastRemoteEphemeralKey":"BUxcsextP4+jXf0DGMZ0/7C5/QPDMKeeEWD5fWRXHbRb","previousCounter":0,"rootKey":"CLRIV//CISlim6W2vNDmJw7Ztjm7fq9pW8vhzNp8Xo8="},"indexInfo":{"baseKey":"BYToM+s+mlNr8R5oxrU8GWkaBofQfWeUSiM8myRFNFtX","baseKeyType":1,"closed":-1,"used":1746087777165,"created":1746085499160,"remoteIdentityKey":"BeIQKCSwDGiLk/kYaI7Ug4CvLd7bByKC8LIY8HadBm9B"},"_chains":{"BUxcsextP4+jXf0DGMZ0/7C5/QPDMKeeEWD5fWRXHbRb":{"chainKey":{"counter":1,"key":"COGGEpfpsW9XtZv9mUHoNex8IIBkhnM6i55SP+RwadM="},"chainType":2,"messageKeys":{}},"BUNrg12G+k2ulVRxd4rdyl4ApBLCUzvyEgCKmmO3Y0MR":{"chainKey":{"counter":6,"key":"/Lm/bPKK2qGeqsiiSthj5E3kGmt1leGl8B/OFOT/XWs="},"chainType":1,"messageKeys":{}}}}},"version":"v1"}