{"_sessions":{"BdntYAwvefr9S3PIzDj6YgOGtP9+h6F2DCARCnhqXkFF":{"registrationId":512023196,"currentRatchet":{"ephemeralKeyPair":{"pubKey":"BaKzcvzxGiS1+ezTVGIiY7dQ+Z9rPLlS7YXIZWgsj/QD","privKey":"wDCz+DHYsuexbeafg4rtgWZ6wcqN5N4Epc/rPKfZ218="},"lastRemoteEphemeralKey":"BfmI2BsMTw5TzgAGAetFRz4M9QnN52eT6j0FGXUrRhxx","previousCounter":0,"rootKey":"B6tX6nnYLpD4D0r0dh9QOpxuYCtjySx5D+Fnr9rmWkI="},"indexInfo":{"baseKey":"BdntYAwvefr9S3PIzDj6YgOGtP9+h6F2DCARCnhqXkFF","baseKeyType":1,"closed":-1,"used":1746105094188,"created":1746105094188,"remoteIdentityKey":"BYctffjDk/1yHxvr6f7gTPiomnqcr5DB0KMkqbF4LFFj"},"_chains":{"BaKzcvzxGiS1+ezTVGIiY7dQ+Z9rPLlS7YXIZWgsj/QD":{"chainKey":{"counter":0,"key":"uU9LKJFcaM3anosJyR1YjieJ8gxzeSvTryq4kGDs4S8="},"chainType":1,"messageKeys":{}}},"pendingPreKey":{"signedKeyId":1,"baseKey":"BdntYAwvefr9S3PIzDj6YgOGtP9+h6F2DCARCnhqXkFF","preKeyId":4843897}}},"version":"v1"}