{"_sessions":{"BYfUJaOWNHkXjyMKYV7djKoPS3FBlOTD5oGUr76q0eRX":{"registrationId":144769790,"currentRatchet":{"ephemeralKeyPair":{"pubKey":"BcqkKKEtnqWRfwyZEf3LeRv9PBsRimQjwTZaNddCo8kK","privKey":"wNMAe8IuYZJj/DXiunlKYJjxvwJT+EMG05bCKMaGhnI="},"lastRemoteEphemeralKey":"BTkrGo0HWCkfJS1W9zD7Ol+0wVvhYRxV0nyWFoOYMiIG","previousCounter":0,"rootKey":"3BJFGWAo607tQIvh3HeHgQojewsr7L7h0PN0+3SyCuI="},"indexInfo":{"baseKey":"BYfUJaOWNHkXjyMKYV7djKoPS3FBlOTD5oGUr76q0eRX","baseKeyType":1,"closed":-1,"used":1746109837901,"created":1746109837901,"remoteIdentityKey":"BXIbbwFFVmaSmxOHfTIeIiOUY2Oby3mRDEcMr7RhylBg"},"_chains":{"BcqkKKEtnqWRfwyZEf3LeRv9PBsRimQjwTZaNddCo8kK":{"chainKey":{"counter":0,"key":"K4eQsE+CZM7GfRMfIkJgP1KbPsh5rkA6NMd51uCgHcs="},"chainType":1,"messageKeys":{}}},"pendingPreKey":{"signedKeyId":9,"baseKey":"BYfUJaOWNHkXjyMKYV7djKoPS3FBlOTD5oGUr76q0eRX","preKeyId":11205279}}},"version":"v1"}