{"_sessions":{"BdL4pRIDKa/W2Yi78Y4s0DGxMUWu1UJT/7ZbPM7JWXId":{"registrationId":1317629123,"currentRatchet":{"ephemeralKeyPair":{"pubKey":"BYEimtFyJHPeTHpgZ/dw5GjtBgxcJO3X7BbhU3xL3Vxt","privKey":"yNhk0+xWF6YR4HXDmT4khRy7FB912Jh0Nhup+1pJOmM="},"lastRemoteEphemeralKey":"Bdnty4WXI27GLGN6qC8CgZ8ZSLJI3AJHlLHDspXJVmwU","previousCounter":0,"rootKey":"JSbXRmZoGDgwY4+qNRrvDZqWqqgN/3s2s5EOvVNYhnw="},"indexInfo":{"baseKey":"BdL4pRIDKa/W2Yi78Y4s0DGxMUWu1UJT/7ZbPM7JWXId","baseKeyType":2,"closed":-1,"used":1746102085478,"created":1746102085478,"remoteIdentityKey":"BdAHEBG8p09fKaaS2RZv8L1k3PE3UoLaxD2kTj2c1lEG"},"_chains":{"Bdnty4WXI27GLGN6qC8CgZ8ZSLJI3AJHlLHDspXJVmwU":{"chainKey":{"counter":0,"key":"+iQcbWmJlkl2siFR/lmGjDI7eIje2/cSx+MYee+ajos="},"chainType":2,"messageKeys":{}},"BYEimtFyJHPeTHpgZ/dw5GjtBgxcJO3X7BbhU3xL3Vxt":{"chainKey":{"counter":2,"key":"h3sUNEUuDnqf8eOUuT6I0QNbsySgWzqa+X+9wkguEDo="},"chainType":1,"messageKeys":{}}}}},"version":"v1"}