{"_sessions":{"BV+Z/77/njgArj4GT+NlBHCbQKTtaXWPJbK6cafHNq5O":{"registrationId":2078194940,"currentRatchet":{"ephemeralKeyPair":{"pubKey":"BVD7XOlf3XJrIqySbtGLgCei100ajUpEsgtewNzZaKod","privKey":"oEGf/cZ0pBHbJn11d7pTP/EU9Rky9geBfFB+IQR1TWw="},"lastRemoteEphemeralKey":"BWNMfDqZZXvGadomQEufgIfdqW2mJhSX8w0tNb1C7VtI","previousCounter":0,"rootKey":"gp2GwxMOS5o4IHCCZnlJRyUaSG1pDoGnsFhQRvXyvkc="},"indexInfo":{"baseKey":"BV+Z/77/njgArj4GT+NlBHCbQKTtaXWPJbK6cafHNq5O","baseKeyType":1,"closed":-1,"used":1746105094130,"created":1746105094130,"remoteIdentityKey":"BchBDRJK6Yy6AYJwpR116EAHqIRqwIlNQefKXwqSTB8p"},"_chains":{"BVD7XOlf3XJrIqySbtGLgCei100ajUpEsgtewNzZaKod":{"chainKey":{"counter":0,"key":"J75swF5Z2A3papGx9QKnIh3sm8ojGdsgo0rVQSrOnb0="},"chainType":1,"messageKeys":{}}},"pendingPreKey":{"signedKeyId":52,"baseKey":"BV+Z/77/njgArj4GT+NlBHCbQKTtaXWPJbK6cafHNq5O","preKeyId":14304327}}},"version":"v1"}