{"_sessions":{"BWlFEsumILV0arr/vENKedCJjRQbfw31dgGhHpVMFqgt":{"registrationId":580342967,"currentRatchet":{"ephemeralKeyPair":{"pubKey":"BQ/RQed6M3PU4AIqFHCV9jkM6YvGhL8L9o49xzRPlQB3","privKey":"WP38epV9jaWwfzM3iGGtrH8EpvW1Qp5GIRBNivNYeHc="},"lastRemoteEphemeralKey":"BflMx1UJkRZ5XhOE4lYmnWRT1WTjNOnFEd15s0nMVPxT","previousCounter":0,"rootKey":"NhI7aO+PsFOcQnqv9Ff3feCtMKlEznj4wZ0cYR5L5rg="},"indexInfo":{"baseKey":"BWlFEsumILV0arr/vENKedCJjRQbfw31dgGhHpVMFqgt","baseKeyType":1,"closed":-1,"used":1746104067904,"created":1746104067904,"remoteIdentityKey":"BdChsYNUM630SBVmFB8RsNpqQFwqdQLo13KNf7KTGnAp"},"_chains":{"BQ/RQed6M3PU4AIqFHCV9jkM6YvGhL8L9o49xzRPlQB3":{"chainKey":{"counter":0,"key":"HlQ8MLt78XEQHkBUOXmDdA/OqjiS4iIKv838OMfW/ks="},"chainType":1,"messageKeys":{}}},"pendingPreKey":{"signedKeyId":4,"baseKey":"BWlFEsumILV0arr/vENKedCJjRQbfw31dgGhHpVMFqgt","preKeyId":14218516}}},"version":"v1"}