{"_sessions":{"BcucAPLsNGEeYFSk6O4V1X181Db4XOgdPfFoIDlfRxVK":{"registrationId":1712490312,"currentRatchet":{"ephemeralKeyPair":{"pubKey":"BUwMcN3UhS894t0Ev8VTjSfoUCKTa2hoFaxmw9ghZUZR","privKey":"wJHgQHUM6pYNaGLHelzV1/syyrxAeHGvKWuHLpkP6F4="},"lastRemoteEphemeralKey":"BTwLbQ4n9sx//IAuPY0pYZCXYLEKK2kHA+rxK/0K3ZBF","previousCounter":0,"rootKey":"DLBp6Ywzz6AyWFPscM5p3Rmr9HPya4S8iegt0pu1AW0="},"indexInfo":{"baseKey":"BcucAPLsNGEeYFSk6O4V1X181Db4XOgdPfFoIDlfRxVK","baseKeyType":1,"closed":-1,"used":1746081127179,"created":1746081127179,"remoteIdentityKey":"BZIiqm9GvNRR/vahxyHuzCMRmqHkKREY1jA9LcAq8Fxv"},"_chains":{"BUwMcN3UhS894t0Ev8VTjSfoUCKTa2hoFaxmw9ghZUZR":{"chainKey":{"counter":0,"key":"lz99e56Na5ItYZluNqCCHI6IZ6CG/0+dPmiN6uNCjHk="},"chainType":1,"messageKeys":{}}},"pendingPreKey":{"signedKeyId":1,"baseKey":"BcucAPLsNGEeYFSk6O4V1X181Db4XOgdPfFoIDlfRxVK","preKeyId":6874313}}},"version":"v1"}