{"_sessions":{"BTQmO/2wFc4NntfDT+k1+yb/xIeAurYx2FklyqgNHwMr":{"registrationId":415238072,"currentRatchet":{"ephemeralKeyPair":{"pubKey":"BaicmLZDq3ZuUIOFOX835+PxBfdauG22cw9wB7LD0zEg","privKey":"CJSx/XFjmUsFYsCSG13d26g1MDvn9Dqm/ETJEQUgE2I="},"lastRemoteEphemeralKey":"BdAlHwswL/gdfJfywV7NzeiOwE3FAWisuG01f/TISLV1","previousCounter":0,"rootKey":"cfFTGmXkDf/Kc6guvX7oydng0QFhE/BKS30i5hJWvoE="},"indexInfo":{"baseKey":"BTQmO/2wFc4NntfDT+k1+yb/xIeAurYx2FklyqgNHwMr","baseKeyType":1,"closed":-1,"used":1746110362480,"created":1746110362480,"remoteIdentityKey":"BRLom5bsCekX7/ovZD1bzX+fd5xU/VNj1X/MWtYR3hou"},"_chains":{"BaicmLZDq3ZuUIOFOX835+PxBfdauG22cw9wB7LD0zEg":{"chainKey":{"counter":2,"key":"QbUuMeif1DTb5vFHYcvn/EGIrtxlZaGpTXsXaTbAE6g="},"chainType":1,"messageKeys":{}}},"pendingPreKey":{"signedKeyId":11,"baseKey":"BTQmO/2wFc4NntfDT+k1+yb/xIeAurYx2FklyqgNHwMr","preKeyId":15222532}}},"version":"v1"}