{"_sessions":{"BZhqehpZNDOMr9bmv5dNulCWo852qPWUV50Y0Zzb115M":{"registrationId":1232296784,"currentRatchet":{"ephemeralKeyPair":{"pubKey":"BQ4GwBkZYa3MMx3RppF1gzqv4BxhkG0lKznDPeLt31lf","privKey":"IPaPLDyt0uwUHDmwpJmiO7tZuIBjLq/D6raMm5KDoXM="},"lastRemoteEphemeralKey":"BdTC2or42FAncBg6sItwUB5dBf5/xaWz3wFgknM9Mxwv","previousCounter":0,"rootKey":"kTu3YRg4JMX0YegQfsp0imgSeGbQDVGteukZ0+Ay3PE="},"indexInfo":{"baseKey":"BZhqehpZNDOMr9bmv5dNulCWo852qPWUV50Y0Zzb115M","baseKeyType":1,"closed":-1,"used":1746081127196,"created":1746081127196,"remoteIdentityKey":"BUeDn84pqSOgCM4DNCLZMCs7FzpZ3PKqoz0qwvM6uOAw"},"_chains":{"BQ4GwBkZYa3MMx3RppF1gzqv4BxhkG0lKznDPeLt31lf":{"chainKey":{"counter":0,"key":"w3BtnrJXwPStA1ziw2rgcaeLqKW7LMy/h/S4l9NTmQg="},"chainType":1,"messageKeys":{}}},"pendingPreKey":{"signedKeyId":17,"baseKey":"BZhqehpZNDOMr9bmv5dNulCWo852qPWUV50Y0Zzb115M","preKeyId":11184458}}},"version":"v1"}