{"_sessions":{"BX8sKrCB8ytKBbaoYzvB6tqZ8rAxo6XSr1WAa/gCLdRy":{"registrationId":933802295,"currentRatchet":{"ephemeralKeyPair":{"pubKey":"BaN/fQmRH5G6fGWYE7z5xqAkD9wBB6JC5v4+EtmoGTt4","privKey":"CGREIVpNeu/HOltzvu13dfW18Qmw9H6pQRZdzXkyOn0="},"lastRemoteEphemeralKey":"BexcpCqOTva9KtT23VpbB0Dv4qkz6SqsHsgk19uiWzNW","previousCounter":0,"rootKey":"ilLb3dFSiin4vi6nWMM2LkWqpWahe1JTjpZZFUcDeVo="},"indexInfo":{"baseKey":"BX8sKrCB8ytKBbaoYzvB6tqZ8rAxo6XSr1WAa/gCLdRy","baseKeyType":1,"closed":-1,"used":1746109837844,"created":1746109837844,"remoteIdentityKey":"BTsp59ZuyqLwqnJ+kHuVOgCAMgv+x6sIMm9QJ/qaPsp4"},"_chains":{"BaN/fQmRH5G6fGWYE7z5xqAkD9wBB6JC5v4+EtmoGTt4":{"chainKey":{"counter":0,"key":"ZMtDkw0wBsS7+nh4oPwLINtei+bGUtDgCKBA5Sboysk="},"chainType":1,"messageKeys":{}}},"pendingPreKey":{"signedKeyId":20,"baseKey":"BX8sKrCB8ytKBbaoYzvB6tqZ8rAxo6XSr1WAa/gCLdRy","preKeyId":427487}}},"version":"v1"}