{"_sessions":{"BeYBm9dygPi3Pvkxwu42EWDyOr+SdJBmOqqDzSeQFDdQ":{"registrationId":841508435,"currentRatchet":{"ephemeralKeyPair":{"pubKey":"BVGqnzZ5luIMocInbdz51dCQuSgxklo3kszO2xyhGSwQ","privKey":"uIhqfrHibCCoZYLdbUoKflOMsSAtPjuJG6kCeT1YqFw="},"lastRemoteEphemeralKey":"BQaD7Yh8DQVbBTKGfJgVV7uoLXcsW8VQzh3P0bHQzhMq","previousCounter":0,"rootKey":"83m3/HG6rlp5dZf/WCjIh55CZnkJ0+X6MIvsf16j7U0="},"indexInfo":{"baseKey":"BeYBm9dygPi3Pvkxwu42EWDyOr+SdJBmOqqDzSeQFDdQ","baseKeyType":1,"closed":1746088356897,"used":1746088349336,"created":1746088349336,"remoteIdentityKey":"BeNNSWafhwm8d+7wZieFapIqFI53zxwbj5boKeg/So9G"},"_chains":{"BVGqnzZ5luIMocInbdz51dCQuSgxklo3kszO2xyhGSwQ":{"chainKey":{"counter":0,"key":"zcucnRtN09AWpwO4XbKB/uRi8onQqkmyUbEsopu+z/0="},"chainType":1,"messageKeys":{}}},"pendingPreKey":{"signedKeyId":8,"baseKey":"BeYBm9dygPi3Pvkxwu42EWDyOr+SdJBmOqqDzSeQFDdQ","preKeyId":12713902}},"BWRolMr2HqaKoODZFKDO2uSCpDFCyIeq1+HX5GKssaJL":{"registrationId":841508435,"currentRatchet":{"ephemeralKeyPair":{"pubKey":"BTVgGQqfMhtNk4IWw/ekRMGOVFqbN7XismdqFOGlZQl9","privKey":"gHCD6Ss1uMnbL2PWghcw3tl9FkzfnfvLSHaSLMP+gkY="},"lastRemoteEphemeralKey":"BdlmIuUgzV/cgFfgppYwFXFN7A356JqT5QtpneeJaPNT","previousCounter":4,"rootKey":"b8hdwsL4+ryssFTz2VeQdane/kafv0kqxIhEqjTpqcE="},"indexInfo":{"baseKey":"BWRolMr2HqaKoODZFKDO2uSCpDFCyIeq1+HX5GKssaJL","baseKeyType":2,"closed":-1,"used":1746093551517,"created":1746088356900,"remoteIdentityKey":"BeNNSWafhwm8d+7wZieFapIqFI53zxwbj5boKeg/So9G"},"_chains":{"BWP2L04D/j0sOmDS7SBCMyXt8e9C2JzeQeXs74zKpOVA":{"chainKey":{"counter":1},"chainType":2,"messageKeys":{}},"Be8RCzM2h0q3mOyB8guhPlgxAC0/pBKflTQJx0/VCcYn":{"chainKey":{"counter":0},"chainType":2,"messageKeys":{}},"BdlmIuUgzV/cgFfgppYwFXFN7A356JqT5QtpneeJaPNT":{"chainKey":{"counter":0,"key":"CVjhwbouhwZfFTJ9rJ8XPiQZFIGTpyarysQP2KfiYx4="},"chainType":2,"messageKeys":{}},"BTVgGQqfMhtNk4IWw/ekRMGOVFqbN7XismdqFOGlZQl9":{"chainKey":{"counter":-1,"key":"ys7cjzvVFAqvILHO7GbAR4TomsQQ/NEuuh0izj3zLBA="},"chainType":1,"messageKeys":{}}}}},"version":"v1"}