{"_sessions":{"BUnsMaPnDwQbcFsc6lqW+iuLWZdS3QeYC8qr8Qmp4Olr":{"registrationId":147570168,"currentRatchet":{"ephemeralKeyPair":{"pubKey":"BdvXZxO0Qorq+eyvCrHyhBgHTu2ZfAuyt7/N5EADQyB3","privKey":"SCn6v1gYVv3u0KZt14KxR4BGQ5ZN0o2116oMV9r3t0s="},"lastRemoteEphemeralKey":"BRxcEwXKTBfjNa97pF7s4Esg/lrYx3h95ccZ/Ii9Wrdf","previousCounter":0,"rootKey":"YCs/pqlbAHk7KSe8HnpD2wv5mWtaVhIeeM6XQ2pchPE="},"indexInfo":{"baseKey":"BUnsMaPnDwQbcFsc6lqW+iuLWZdS3QeYC8qr8Qmp4Olr","baseKeyType":1,"closed":-1,"used":1746109837887,"created":1746109837887,"remoteIdentityKey":"BRdIyKNArIESJ5Xpnje7Syjiil+PFboLB11iXRdqBaFC"},"_chains":{"BdvXZxO0Qorq+eyvCrHyhBgHTu2ZfAuyt7/N5EADQyB3":{"chainKey":{"counter":0,"key":"zL5iFWhGHsJRCLVAHwz0FxL00EqnLdN/kTYEsS/f9Gw="},"chainType":1,"messageKeys":{}}},"pendingPreKey":{"signedKeyId":41,"baseKey":"BUnsMaPnDwQbcFsc6lqW+iuLWZdS3QeYC8qr8Qmp4Olr","preKeyId":1346054}}},"version":"v1"}