{"_sessions":{"Baktotk3SIHSOrsCTzt+BBlgpDlOBw/kldUCJvM10XNL":{"registrationId":1475977920,"currentRatchet":{"ephemeralKeyPair":{"pubKey":"BTgLYDc1YGQZKnJHHlIzwdpS4bT+L5fjx881SneVGthH","privKey":"0AuDjCCfHctvv57X6+b1Jj1CJjgImBRO9e/EZ+rF0Wg="},"lastRemoteEphemeralKey":"BVnk0VtMFdweyBH+DcyeO1Owfn2r7AHsZGbXhLNBpe9Q","previousCounter":0,"rootKey":"iWTBbWg7qGK1WaHYOoaaxMynYrC1hn0nh5srn5PQnmI="},"indexInfo":{"baseKey":"Baktotk3SIHSOrsCTzt+BBlgpDlOBw/kldUCJvM10XNL","baseKeyType":2,"closed":-1,"used":1746099553913,"created":1746099553913,"remoteIdentityKey":"BSF70fykxk5ohdrCEdZGNrwH3PgbLHzfkiGkYfbRDg5f"},"_chains":{"BVnk0VtMFdweyBH+DcyeO1Owfn2r7AHsZGbXhLNBpe9Q":{"chainKey":{"counter":1,"key":"gPGsjZL+WCl5TDM5LCJgBEpNO2sGMTJJm7g8oq3OcWE="},"chainType":2,"messageKeys":{}},"BTgLYDc1YGQZKnJHHlIzwdpS4bT+L5fjx881SneVGthH":{"chainKey":{"counter":2,"key":"BOU+NJQIy3qXpab5V73GuQZy2Dn8MRDXLyE0NTyV1oY="},"chainType":1,"messageKeys":{}}}}},"version":"v1"}