{"_sessions":{"BYrC1iobLXHxVgno8cypdzysZ18FJBdM8x0SjuAir48Q":{"registrationId":1887094856,"currentRatchet":{"ephemeralKeyPair":{"pubKey":"BVIKV9ACNsnp/btjWrbJSJBPUB4LI8BZxrIXIKtmc5tn","privKey":"8A0OkPlZyrvXdLQ18Sbd7F3SlIxsq/krs1ZdPwh1z3I="},"lastRemoteEphemeralKey":"BRpDyBOLyBUB2CagHHEMuZBbpBL3jXwms97d+35ydTwE","previousCounter":0,"rootKey":"sYTl/vpOqEzTi0ntA/zxYSf3OCvetQFH+/fMeswjd9Q="},"indexInfo":{"baseKey":"BYrC1iobLXHxVgno8cypdzysZ18FJBdM8x0SjuAir48Q","baseKeyType":1,"closed":-1,"used":1746109837917,"created":1746109837917,"remoteIdentityKey":"BWW+TfvOluEGp63oZI3WvifT8WxBhxl0iktJ6ZdmnP4D"},"_chains":{"BVIKV9ACNsnp/btjWrbJSJBPUB4LI8BZxrIXIKtmc5tn":{"chainKey":{"counter":0,"key":"fvHuVQQIaf2/V66xFxoStMLkpMBxVDKP/0/u4shmpeg="},"chainType":1,"messageKeys":{}}},"pendingPreKey":{"signedKeyId":6,"baseKey":"BYrC1iobLXHxVgno8cypdzysZ18FJBdM8x0SjuAir48Q","preKeyId":1684148}}},"version":"v1"}