{"_sessions":{"BQqmXcbIP5yzlnOVSzokN9059mNmdm0/HLithakBTTlC":{"registrationId":69061705,"currentRatchet":{"ephemeralKeyPair":{"pubKey":"Bf2fqSwhn+vMU35b0rqH3lXgmhqvVl5s8IEN90EevWcm","privKey":"UP+3I6r4IerhI9rHy8oOkt2bGHsOIjkw/+BE3CqljUk="},"lastRemoteEphemeralKey":"BV/aNYKl9sblbfnhT0ktSB7WVeESDeuq3ZifveQQhsxs","previousCounter":0,"rootKey":"K+DaRfFySDwAT2ngNrZ/2BT0zBsLs1ZrSGfnIbpzPig="},"indexInfo":{"baseKey":"BQqmXcbIP5yzlnOVSzokN9059mNmdm0/HLithakBTTlC","baseKeyType":1,"closed":-1,"used":1746098645313,"created":1746081127209,"remoteIdentityKey":"BYy3GMc6IbYL9zgM1evFsAy03AE4JRZyjAJiYmXnb81l"},"_chains":{"BV/aNYKl9sblbfnhT0ktSB7WVeESDeuq3ZifveQQhsxs":{"chainKey":{"counter":0,"key":"3po0Bdnhd+j1prBBVO/WUUWGsumeYGuyYK3cAN4fzE0="},"chainType":2,"messageKeys":{}},"Bf2fqSwhn+vMU35b0rqH3lXgmhqvVl5s8IEN90EevWcm":{"chainKey":{"counter":-1,"key":"x3YNitm44FsiWSa7PABEUoJRRcarrMh7epB+/KFl3nk="},"chainType":1,"messageKeys":{}}}}},"version":"v1"}