{"_sessions":{"BQTVcZL8HN4LPsVdyeymAYaWWRmnF0wXxDyQxkzxklQr":{"registrationId":1690657189,"currentRatchet":{"ephemeralKeyPair":{"pubKey":"BWZLFamwJc6Vy2lcD71qeWunnNaj/db0ZijrtF6c7FZ6","privKey":"+JNKYNpC6nHFHIHPc7Rh9S0RgRikUC8RUidmavcE/UU="},"lastRemoteEphemeralKey":"BZpaijenMfI+SgdCLB3MfAzChePLNI/WIHfmIPwPlcA4","previousCounter":0,"rootKey":"bIe082sAcyp6b3vDB0BkIucIeIiF9QY2YC92/TzIT7Y="},"indexInfo":{"baseKey":"BQTVcZL8HN4LPsVdyeymAYaWWRmnF0wXxDyQxkzxklQr","baseKeyType":1,"closed":-1,"used":1746105094227,"created":1746105094227,"remoteIdentityKey":"BYHZVjSbmnpc9oXbzXY7J73YwXxFjGvV+UCzBYkLEF9v"},"_chains":{"BWZLFamwJc6Vy2lcD71qeWunnNaj/db0ZijrtF6c7FZ6":{"chainKey":{"counter":0,"key":"a0IRhvQ89PxMQcgp2Mbtg4g7o/6acSNdoXBppNptSL8="},"chainType":1,"messageKeys":{}}},"pendingPreKey":{"signedKeyId":5,"baseKey":"BQTVcZL8HN4LPsVdyeymAYaWWRmnF0wXxDyQxkzxklQr","preKeyId":14896470}}},"version":"v1"}