{"_sessions":{"BVS7tnQ90d2zmq0Q30PrFCCkv9ZDgcXChR3GmCe+Bkd7":{"registrationId":830399265,"currentRatchet":{"ephemeralKeyPair":{"pubKey":"BdS71/PEpg1G34pv42k6ie7PfLVxEl35z0YwA/eiEZkA","privKey":"OMTtVdGszfVn2pF72JCJZ7t27tY/bfixxKOSaIihbUE="},"lastRemoteEphemeralKey":"BfSLh9U8ap4rC0kcoQbg9cmfaEdQFw08OmIBr36HF958","previousCounter":0,"rootKey":"d6PYSyOEUJdbPtNeolngLFrNk5Y0uNsxkUiJHtE6U8M="},"indexInfo":{"baseKey":"BVS7tnQ90d2zmq0Q30PrFCCkv9ZDgcXChR3GmCe+Bkd7","baseKeyType":1,"closed":-1,"used":1746109837929,"created":1746109837929,"remoteIdentityKey":"BXTw9LwesMORNeV9QgoliXgDyhgOW/k6inzGcS2ge9AS"},"_chains":{"BdS71/PEpg1G34pv42k6ie7PfLVxEl35z0YwA/eiEZkA":{"chainKey":{"counter":0,"key":"ivsKBy9/u9Rv26GbyKO/s50OpI/2qUEhgUpMpGzyNPI="},"chainType":1,"messageKeys":{}}},"pendingPreKey":{"signedKeyId":3,"baseKey":"BVS7tnQ90d2zmq0Q30PrFCCkv9ZDgcXChR3GmCe+Bkd7","preKeyId":3154083}}},"version":"v1"}