{"_sessions":{"Bd6gEUimvD5QoMsvFFz9So8mE3G/l/fwwn9uipedDt5P":{"registrationId":2015217156,"currentRatchet":{"ephemeralKeyPair":{"pubKey":"BTCrA0WMo8nLrC55ckTTj6tQxO2ARgEghs/gN15oZc91","privKey":"QGEdzNrIxIFg0EMixhaVpHXsMvhh8axQtz2vUdf06GE="},"lastRemoteEphemeralKey":"BV7a0/1G6LOl0dz8sxJ2xhPL3v1FB8cGC8ADX31gI1NT","previousCounter":0,"rootKey":"+Fsblv9rYcBRNYTmmv6Cqh8VBruarwYqCbQMKY9I/O0="},"indexInfo":{"baseKey":"Bd6gEUimvD5QoMsvFFz9So8mE3G/l/fwwn9uipedDt5P","baseKeyType":1,"closed":-1,"used":1746104067879,"created":1746104067879,"remoteIdentityKey":"BdM6QJI6lDIC3vLywGyHRvMXben6agDuSAEkxHWFY7kh"},"_chains":{"BTCrA0WMo8nLrC55ckTTj6tQxO2ARgEghs/gN15oZc91":{"chainKey":{"counter":0,"key":"02cPLXyp2wz8nVlpUpjBveZdH0tLYpoHFeUbs7NbrwY="},"chainType":1,"messageKeys":{}}},"pendingPreKey":{"signedKeyId":48,"baseKey":"Bd6gEUimvD5QoMsvFFz9So8mE3G/l/fwwn9uipedDt5P","preKeyId":1544757}}},"version":"v1"}