{"_sessions":{"BSjXFJZPeoVBmC1E1VhgK9KMPTsDdQPKGO+LQgSozsJ3":{"registrationId":1499339167,"currentRatchet":{"ephemeralKeyPair":{"pubKey":"BbIyAE0CnpSw609lDt4VsqtOkvPrhHSyO4WilBMCktYK","privKey":"oAWxeC7OtTWHE41D5bi3YSpv80qWyGrY0HFviV9dGFg="},"lastRemoteEphemeralKey":"BTVkW7YA2yMSE7pc2Vx1gWf4cJzeEOmsU/CID4HP1ZIq","previousCounter":0,"rootKey":"g7ZULAeFF+vlKGEy4HD72xt6EbDipBSUYx0HK6X/kyY="},"indexInfo":{"baseKey":"BSjXFJZPeoVBmC1E1VhgK9KMPTsDdQPKGO+LQgSozsJ3","baseKeyType":1,"closed":-1,"used":1746085499091,"created":1746085499091,"remoteIdentityKey":"BdGIzf/zSKdLtSuq53OSQ7bBRxp2tspSl2NawH5OnOkN"},"_chains":{"BbIyAE0CnpSw609lDt4VsqtOkvPrhHSyO4WilBMCktYK":{"chainKey":{"counter":7,"key":"F0oT7JrYuahjZpRhjhy1s9O0oMxLf/ChrH4isQi3Li0="},"chainType":1,"messageKeys":{}}},"pendingPreKey":{"signedKeyId":4,"baseKey":"BSjXFJZPeoVBmC1E1VhgK9KMPTsDdQPKGO+LQgSozsJ3"}}},"version":"v1"}