{"_sessions":{"BdACe6xJeT/1lIBRWB49BsjjpLPA+edJgKJvslzFPhBA":{"registrationId":651827059,"currentRatchet":{"ephemeralKeyPair":{"pubKey":"BT7KjWJ/EPsOOm2/QjUbs3fiSwkV/McKNRw1GMfrUIc+","privKey":"UGdz/ZrDYYT/bX5Xy01/7O3mqB2+GXdJe7gG0uLKqVI="},"lastRemoteEphemeralKey":"BY1zXQxE7xQ5Rd3QvIFiUhJPYBAEa68MEOoyzr3GbygI","previousCounter":0,"rootKey":"aW2ITHu4WSxO0UJOVr/aWI9pxM0s5v9Dp1rHkOYppBw="},"indexInfo":{"baseKey":"BdACe6xJeT/1lIBRWB49BsjjpLPA+edJgKJvslzFPhBA","baseKeyType":1,"closed":-1,"used":1746109837848,"created":1746109837848,"remoteIdentityKey":"BSYqwxlZPbfAgtI/PPFaBl5L2r7i8//fZXP7UT/+g50h"},"_chains":{"BT7KjWJ/EPsOOm2/QjUbs3fiSwkV/McKNRw1GMfrUIc+":{"chainKey":{"counter":0,"key":"DQbEQ5/ZLBvxHhM8zJnd10sSvBaW6F02y4eeC1IRgSY="},"chainType":1,"messageKeys":{}}},"pendingPreKey":{"signedKeyId":1,"baseKey":"BdACe6xJeT/1lIBRWB49BsjjpLPA+edJgKJvslzFPhBA","preKeyId":11489913}}},"version":"v1"}