{"_sessions":{"BVbsMNL9fwBtCZG8DJBPJOP/PV31kOSCrS2IdMASGrVs":{"registrationId":20171337,"currentRatchet":{"ephemeralKeyPair":{"pubKey":"BWHNELWBzdz4Zpkhd8hEL4SsG3tHmjFXhVX3m5sEmikp","privKey":"GEy3IcJpByV9O/pvIdyARZAL5uU4y7RbJilRXSjbzFE="},"lastRemoteEphemeralKey":"BYWPCJ3a7tSiT5WRIvoJO/ha96PI8C/1nuTaqHPFPm1i","previousCounter":0,"rootKey":"wm5bzPhczMp0GFwAbnKYgi/Uic0C0/kd/JbA135Dt7g="},"indexInfo":{"baseKey":"BVbsMNL9fwBtCZG8DJBPJOP/PV31kOSCrS2IdMASGrVs","baseKeyType":1,"closed":-1,"used":1746110362374,"created":1746110362374,"remoteIdentityKey":"BQpXa/jCenevQ3IPaqdzVJj68DfUg70MAEYie2rYmEAH"},"_chains":{"BWHNELWBzdz4Zpkhd8hEL4SsG3tHmjFXhVX3m5sEmikp":{"chainKey":{"counter":2,"key":"ZNGajcuFS/9VChoXsBBEljJEUj2znNGJTiVvHGPw3XY="},"chainType":1,"messageKeys":{}}},"pendingPreKey":{"signedKeyId":0,"baseKey":"BVbsMNL9fwBtCZG8DJBPJOP/PV31kOSCrS2IdMASGrVs"}}},"version":"v1"}