{"_sessions":{"BTzDF7fAcw8zOyb/EC+F1aQ3YiuiWHd6wkqVcMKnG+8L":{"registrationId":353450883,"currentRatchet":{"ephemeralKeyPair":{"pubKey":"BYTzGYkjbOpTazkbNwcB/Hw/ntGHJyQyq66oBerwwbMz","privKey":"SF2zQZUMtzcm58ljarfA08eAzleBt9kDhC24zYmVrnI="},"lastRemoteEphemeralKey":"BaS3tTEvWTgnnUcX3Au1vqvTRKGqce5x33tc6ILCRLgf","previousCounter":0,"rootKey":"cer6uqUqnNKbqSlo1yRS++mhNGBKlEHqRa6+xH/ZIvU="},"indexInfo":{"baseKey":"BTzDF7fAcw8zOyb/EC+F1aQ3YiuiWHd6wkqVcMKnG+8L","baseKeyType":1,"closed":-1,"used":1746085499095,"created":1746085499095,"remoteIdentityKey":"BWYD/hmapSIeeySzcsbDp2zp44nriDcR0Ie8/XAehVxN"},"_chains":{"BYTzGYkjbOpTazkbNwcB/Hw/ntGHJyQyq66oBerwwbMz":{"chainKey":{"counter":7,"key":"+k3TmvEem4ImDzC5G27V8IE/qEiJ4r3e62pWEEhkTsM="},"chainType":1,"messageKeys":{}}},"pendingPreKey":{"signedKeyId":2,"baseKey":"BTzDF7fAcw8zOyb/EC+F1aQ3YiuiWHd6wkqVcMKnG+8L","preKeyId":11331015}}},"version":"v1"}