{"_sessions":{"BUG6bJqkkhlS4woO+7ymxttejcBMTtbOWfMTTDlNjkJ+":{"registrationId":439273680,"currentRatchet":{"ephemeralKeyPair":{"pubKey":"BWLyF64ppoxJN8cfIniPZcZ7JvMBx24r4wieFukm0OsS","privKey":"6BL8finJRc3mau80ziPvjDHt9ieBhcajE7K3xXqSOUY="},"lastRemoteEphemeralKey":"Bajs04oSF1YHZN+7GSNr4hMopDxbEgWYzef0/xsruCtl","previousCounter":0,"rootKey":"uNag5mPjAxBOSji9LLvT2xbzNNLDpOjE0p4BhfACwpg="},"indexInfo":{"baseKey":"BUG6bJqkkhlS4woO+7ymxttejcBMTtbOWfMTTDlNjkJ+","baseKeyType":1,"closed":-1,"used":1746109837865,"created":1746109837865,"remoteIdentityKey":"BXQTyZVCq8U9gyJSOTnBTnuWsbKzm/O6Qob1t/Zr3vJt"},"_chains":{"BWLyF64ppoxJN8cfIniPZcZ7JvMBx24r4wieFukm0OsS":{"chainKey":{"counter":0,"key":"k+QLGiIxVyW/SCNx6MOI96f2oJ0J8OXxV2qTZlxV/x8="},"chainType":1,"messageKeys":{}}},"pendingPreKey":{"signedKeyId":11,"baseKey":"BUG6bJqkkhlS4woO+7ymxttejcBMTtbOWfMTTDlNjkJ+","preKeyId":15187331}}},"version":"v1"}