{"_sessions":{"BWC6WVLt4d9n03f6Bq+39Urf8uFokLSqek9XyrvgQkZE":{"registrationId":2124533356,"currentRatchet":{"ephemeralKeyPair":{"pubKey":"BYVFDcSbdXqcr599XmfTdKwzfZejnBKtPQPS5C5REX5J","privKey":"EFygLSiDIeEbaOELKMekYnplZV9TgkhBBU885MY14ng="},"lastRemoteEphemeralKey":"BTYxhaPtaJgqstZboi/KMneiVV1WkTKUCxMhFA5dCS9D","previousCounter":0,"rootKey":"Fp3raVDJ5nhjqL8yExjR4owrNL9lrDvJTdCWZstRm3c="},"indexInfo":{"baseKey":"BWC6WVLt4d9n03f6Bq+39Urf8uFokLSqek9XyrvgQkZE","baseKeyType":1,"closed":-1,"used":1746110362426,"created":1746110362426,"remoteIdentityKey":"BbGvyRAkWxpQJ9z7C8wvIOplgR5guVjZtmmJ5eG5uJ0G"},"_chains":{"BYVFDcSbdXqcr599XmfTdKwzfZejnBKtPQPS5C5REX5J":{"chainKey":{"counter":2,"key":"4qJC9kvMghfIr+dcnJ3kzHbe+DEbWq9p3U7FP2giSm0="},"chainType":1,"messageKeys":{}}},"pendingPreKey":{"signedKeyId":1,"baseKey":"BWC6WVLt4d9n03f6Bq+39Urf8uFokLSqek9XyrvgQkZE","preKeyId":2590592}}},"version":"v1"}