{"_sessions":{"BWhI8eEqD9Al1+nb+7BgQK3lqsgUAdCmfXanft2GciA7":{"registrationId":1559261965,"currentRatchet":{"ephemeralKeyPair":{"pubKey":"BdnbIE1Aq/zXWEYKyQ3b+mVmU+AVeZfCXqSPZ7QaOBph","privKey":"IBWLptw6OlIwtd7rF6gifpYLozaLKYVFWqcCnUNKA0Y="},"lastRemoteEphemeralKey":"Bes0umLIPOT1PWnJWjmkj016os9E5BhzsgJ+hcjEepVY","previousCounter":0,"rootKey":"SIKUST/IAzuQoy89SrVGQtNx7PE1nrED1JfNn8WomsE="},"indexInfo":{"baseKey":"BWhI8eEqD9Al1+nb+7BgQK3lqsgUAdCmfXanft2GciA7","baseKeyType":1,"closed":-1,"used":1746105094180,"created":1746105094180,"remoteIdentityKey":"BaocZ1SFuYNkRjDY9fvaAyxVryC+XxAKmDoiUXjEIMZb"},"_chains":{"BdnbIE1Aq/zXWEYKyQ3b+mVmU+AVeZfCXqSPZ7QaOBph":{"chainKey":{"counter":0,"key":"ZG/DW60cjDqwMNdxklX+RSBtdV80nMacTGtk9jeNEgo="},"chainType":1,"messageKeys":{}}},"pendingPreKey":{"signedKeyId":5,"baseKey":"BWhI8eEqD9Al1+nb+7BgQK3lqsgUAdCmfXanft2GciA7","preKeyId":14334814}}},"version":"v1"}