{"_sessions":{"BYsxM0wl7m3WHfLbl5zJotosOR9ddWMTGqmCNLhBCB0b":{"registrationId":229249536,"currentRatchet":{"ephemeralKeyPair":{"pubKey":"BZwMw64hrrkgIpO6z+/kha9im+4dV8P8x5xlLQvtiPVN","privKey":"4KMCoXEXIUfz9ZeV5v5GDDnxwkBWjKX6Ym+U3xUvTEY="},"lastRemoteEphemeralKey":"BVPu14oLUryY8+BHFnoeQjGoAEt6ytSmfnlGRlvbXoYF","previousCounter":0,"rootKey":"xhTi+NYR4q39/MWnVH3FaKjbhRgk6zEBABm63h2KuAY="},"indexInfo":{"baseKey":"BYsxM0wl7m3WHfLbl5zJotosOR9ddWMTGqmCNLhBCB0b","baseKeyType":1,"closed":-1,"used":1746110362367,"created":1746110362367,"remoteIdentityKey":"BXrv1YBYU/GAwlNNpefb+qLyOHaiOWbEQPo+KFTcyakv"},"_chains":{"BZwMw64hrrkgIpO6z+/kha9im+4dV8P8x5xlLQvtiPVN":{"chainKey":{"counter":2,"key":"uXUGYmSQ4zVZ23ffMk54CSv7eXN3KPEm/i+fflJoeIE="},"chainType":1,"messageKeys":{}}},"pendingPreKey":{"signedKeyId":2,"baseKey":"BYsxM0wl7m3WHfLbl5zJotosOR9ddWMTGqmCNLhBCB0b","preKeyId":7080447}}},"version":"v1"}