{"_sessions":{"BW9rI7JVOJqNImZBXKUxIke7vZaj11UMDqpfNe4z0W09":{"registrationId":1157499273,"currentRatchet":{"ephemeralKeyPair":{"pubKey":"Bd4WzeCawwEFZsFtIUrJ8/iz9HSnESgvvwYtANwJcV8g","privKey":"cM5uzeZqinOQcyy/PJYHwzDSOcKIqRRl6BtgeLN/b3s="},"lastRemoteEphemeralKey":"BfFUKhDgnY5AitlfZiclmrpb4BlC3753N4BGJZVzJNYE","previousCounter":0,"rootKey":"hs4NWt5xHG8UyHsVCVn27Q4EdXZbXwL24Epk4ywK37A="},"indexInfo":{"baseKey":"BW9rI7JVOJqNImZBXKUxIke7vZaj11UMDqpfNe4z0W09","baseKeyType":1,"closed":-1,"used":1746109837869,"created":1746109837869,"remoteIdentityKey":"Bavv1MrWGKXd7UhIDK86RLkRYhyeqM6e/zY7ov/3e7EA"},"_chains":{"Bd4WzeCawwEFZsFtIUrJ8/iz9HSnESgvvwYtANwJcV8g":{"chainKey":{"counter":0,"key":"PozWmcKzxexd5is8vJds8S3mCvcuZqwvWQlwaSc5fZw="},"chainType":1,"messageKeys":{}}},"pendingPreKey":{"signedKeyId":8,"baseKey":"BW9rI7JVOJqNImZBXKUxIke7vZaj11UMDqpfNe4z0W09","preKeyId":16575765}}},"version":"v1"}