{"_sessions":{"BZJ/Rshy0GvSk6uGHQq44/UE6mUhUfvoeKSFvdJkKC56":{"registrationId":1151376416,"currentRatchet":{"ephemeralKeyPair":{"pubKey":"Bevpi001OEYNAL7V1Z3WhofzQKJG92Kwao7n2CGjsTcP","privKey":"aGNsDsXTYTreIAaG4Lwoj1TcCt4Iu1qC2Xn2kaCv7kM="},"lastRemoteEphemeralKey":"BQ+2z40T9aWm+HGn9JV4ydpqRaqkFfmvXIU+QxtIfd4V","previousCounter":0,"rootKey":"UZRDHf9sV7/je2WfRxu0CmjWT5IPhl1eli6YT/NgNQ8="},"indexInfo":{"baseKey":"BZJ/Rshy0GvSk6uGHQq44/UE6mUhUfvoeKSFvdJkKC56","baseKeyType":2,"closed":-1,"used":1746097622710,"created":1746095018362,"remoteIdentityKey":"BVPOCV6Iu3A/WH5ZqbrD1K+X4Gqg/sVqq4gQiBRG6vcY"},"_chains":{"Bb+5xFGpqkLaV5ko9ScoyI0AncnDulynjG7Ii5Ef8BBJ":{"chainKey":{"counter":2},"chainType":2,"messageKeys":{}},"BdLDllMlVNN9QPJupZL8MKMqPySXnEKROoahbfM+Xatf":{"chainKey":{"counter":1},"chainType":2,"messageKeys":{}},"BUZ4BCv3PgEKI78PPPsU0qmUwI62D0z1MCbl6NyXBSZW":{"chainKey":{"counter":1},"chainType":2,"messageKeys":{}},"Bal8Jda3Lnpeo19omeWvWx2VcF7gcFL9eqzxIk1Dk1ZA":{"chainKey":{"counter":1},"chainType":2,"messageKeys":{}},"BUCoYM1KGzRqETpF8Ql2NWfBn8uy+h8hCwQZigAW15E/":{"chainKey":{"counter":0},"chainType":2,"messageKeys":{}},"BYVjV+84GjGuvvfxP2MQ7ZTs0Jbfd2EO6m1FxqLxGJt1":{"chainKey":{"counter":0},"chainType":2,"messageKeys":{}},"BezS3xQB5xDeKz+BUkAZe0mu8MQjEB+M0+N2cMtgFjNJ":{"chainKey":{"counter":1},"chainType":2,"messageKeys":{}},"BUo6tz3ZXcGZz5hCvcU9zd4j3wvhP+crtarokRz56DVQ":{"chainKey":{"counter":0},"chainType":2,"messageKeys":{}},"BVJuTIA5lNQFOI7nnpnUc9dHO421wFOCTKvanm6oJ+sF":{"chainKey":{"counter":0},"chainType":2,"messageKeys":{}},"Bd/v9fDByofwRD67mTQCoELdoo5goJG6t3a4mLeEi5xC":{"chainKey":{"counter":1},"chainType":2,"messageKeys":{}},"BQ+2z40T9aWm+HGn9JV4ydpqRaqkFfmvXIU+QxtIfd4V":{"chainKey":{"counter":0,"key":"aFXNo9/mJgSxCgY+NpsibVRP+xnxVjtRXZIy+MCmQEQ="},"chainType":2,"messageKeys":{}},"Bevpi001OEYNAL7V1Z3WhofzQKJG92Kwao7n2CGjsTcP":{"chainKey":{"counter":1,"key":"bYbVoZVWlJ3RXGj+DhK2jp5x5q1gCTQwdKOCdCBliD4="},"chainType":1,"messageKeys":{}}}}},"version":"v1"}