{"_sessions":{"BUjAPkFqBal6Dslb1CS/lB4yT8JxIuXeIFkbkJIRrBNm":{"registrationId":405642136,"currentRatchet":{"ephemeralKeyPair":{"pubKey":"BckAUQlTu+ZE4N2EtOiY2JR4EgZ2RrTsuoPRF9apmDUg","privKey":"yLgk3DqdVc2WvSNJ2w0/cn0Gd/zqvfoC3OIeC4pL7nU="},"lastRemoteEphemeralKey":"BWnwuoFvheewR/uToLGfjKWp0Htt/rYOAaR8yDlCErNh","previousCounter":0,"rootKey":"2lPrDhNvcqcINUUo9oDsS/5ayLvcOZU3WKNydjC8BCQ="},"indexInfo":{"baseKey":"BUjAPkFqBal6Dslb1CS/lB4yT8JxIuXeIFkbkJIRrBNm","baseKeyType":1,"closed":-1,"used":1746081127200,"created":1746081127200,"remoteIdentityKey":"BT7JFC7pKGCJYiWejaLu8UyvDedFFbxWhWsudUJwpS4y"},"_chains":{"BckAUQlTu+ZE4N2EtOiY2JR4EgZ2RrTsuoPRF9apmDUg":{"chainKey":{"counter":0,"key":"GuAITsTrIIeQn12SJUwYOcA61MeoxrZvSf9htj+qjxw="},"chainType":1,"messageKeys":{}}},"pendingPreKey":{"signedKeyId":15,"baseKey":"BUjAPkFqBal6Dslb1CS/lB4yT8JxIuXeIFkbkJIRrBNm","preKeyId":8176672}}},"version":"v1"}