{"_sessions":{"BfGuhjqWNx7njoYmFyr3vQbe4fLOTBEw37Of/5U4FqwH":{"registrationId":1421975873,"currentRatchet":{"ephemeralKeyPair":{"pubKey":"BaOUSLt+hDm+W351VTDZUhKcRgA3sFss1fheTg2znvkw","privKey":"KIMvY4ZRbZ+l/4w4rVw7ExmxqbuCetW9RQjGAvbhcXk="},"lastRemoteEphemeralKey":"BSRs8DZJZM0K8LLbMZb/eAe6gnLv4Hp+fEY5gbbVndwf","previousCounter":0,"rootKey":"Nj0Or0JESobeN4gzJq5EJdVDqpSpOD6NrCozpmMJR6g="},"indexInfo":{"baseKey":"BfGuhjqWNx7njoYmFyr3vQbe4fLOTBEw37Of/5U4FqwH","baseKeyType":1,"closed":-1,"used":1746087838796,"created":1746085499104,"remoteIdentityKey":"BWGqBC3zkK2Jj6MR06fpiVc0GKG6nSNO7YAgaWR036Mq"},"_chains":{"BSRs8DZJZM0K8LLbMZb/eAe6gnLv4Hp+fEY5gbbVndwf":{"chainKey":{"counter":1,"key":"bs7bdviNurTtM4lpsxmMIWtMtpGGYZsmI7NeiCVU4uY="},"chainType":2,"messageKeys":{}},"BaOUSLt+hDm+W351VTDZUhKcRgA3sFss1fheTg2znvkw":{"chainKey":{"counter":6,"key":"u9zm+AxRMhw5s5DZ+F2z8daro55NHlmrKTOB9PQgt94="},"chainType":1,"messageKeys":{}}}}},"version":"v1"}