{"_sessions":{"BWVp/eIy4vC4Gotm0/To0OF/2lXO6g/NkDnLK1EA1aBU":{"registrationId":38358742,"currentRatchet":{"ephemeralKeyPair":{"pubKey":"BakXjiRQSB1qX/MJUM6S/T8yTocMX+i+6wEgldJprUtu","privKey":"wK3fzx4gACSAR5rR5+gyVvnu3vB2kopq4drEdLhi828="},"lastRemoteEphemeralKey":"BQ9KkI8mi5r9mmhOamJvJ+USb785c4nGnEPuiHKCpFBB","previousCounter":0,"rootKey":"vlSxVDAEZonmdoxYLiwhePT6IEhY48+tp0t7z7Ia9N0="},"indexInfo":{"baseKey":"BWVp/eIy4vC4Gotm0/To0OF/2lXO6g/NkDnLK1EA1aBU","baseKeyType":1,"closed":-1,"used":1746110362471,"created":1746110362471,"remoteIdentityKey":"BdNXO+QOLuZxVOfUpB14YB5DAs/8QnTFHHcWIVmE6x5F"},"_chains":{"BakXjiRQSB1qX/MJUM6S/T8yTocMX+i+6wEgldJprUtu":{"chainKey":{"counter":2,"key":"MyMgcacg1noK8RPOgffL6iyCwUylzqUsphwxi5NRe2I="},"chainType":1,"messageKeys":{}}},"pendingPreKey":{"signedKeyId":1,"baseKey":"BWVp/eIy4vC4Gotm0/To0OF/2lXO6g/NkDnLK1EA1aBU","preKeyId":5249606}}},"version":"v1"}