{"_sessions":{"BQQxkWf5219M6FruORt8codJ5oJ7u9/sSIZIg71F7GUF":{"registrationId":1500383835,"currentRatchet":{"ephemeralKeyPair":{"pubKey":"BSXWtcUDGgpOFKiV7IzBWoRlCTIiXRVIqVjPP0iE4BxE","privKey":"eBE1zk8VRywSYejRdPogzKroPe0XTsqFQqPKvp61i1k="},"lastRemoteEphemeralKey":"BfiqEz0lvdbgUw342D8wV8/2vhJyQ8eF0mycuPfzfgp6","previousCounter":0,"rootKey":"QRqUI8GUGLNZatKP1esaweFTLzL5lqRzs5dL6sFyD7c="},"indexInfo":{"baseKey":"BQQxkWf5219M6FruORt8codJ5oJ7u9/sSIZIg71F7GUF","baseKeyType":1,"closed":-1,"used":1746110362500,"created":1746110362500,"remoteIdentityKey":"BZlfgM8dBoIq7I5aC/HSYjLCRqc3afUlAt2CIS6OKYcY"},"_chains":{"BSXWtcUDGgpOFKiV7IzBWoRlCTIiXRVIqVjPP0iE4BxE":{"chainKey":{"counter":2,"key":"/NbcvtA793VMHdmz2GDkaAnBxYgFkH+MimTeMI/C+MM="},"chainType":1,"messageKeys":{}}},"pendingPreKey":{"signedKeyId":1,"baseKey":"BQQxkWf5219M6FruORt8codJ5oJ7u9/sSIZIg71F7GUF","preKeyId":7719541}}},"version":"v1"}