{"_sessions":{"BaF1NFcgMaHI3vNw7RiMOixcu8arZsYqm8JvVYtYNutb":{"registrationId":219821661,"currentRatchet":{"ephemeralKeyPair":{"pubKey":"Bet6AQt+ZCYrP3zreptYIBSWhpiyJJFL9dkrEipqAiV5","privKey":"uDZ6D6q4gqq3JD0kGVDZbURglLaSXPmUQu1tpkPuRn4="},"lastRemoteEphemeralKey":"BasewowIMxy68aEjUEXM0OW52dlVUGpl3YBN9qzi4OIJ","previousCounter":0,"rootKey":"LTim2/P27IqgZ1Cft6UeObNUNDZnLudpoaBFlFmHu5Y="},"indexInfo":{"baseKey":"BaF1NFcgMaHI3vNw7RiMOixcu8arZsYqm8JvVYtYNutb","baseKeyType":1,"closed":-1,"used":1746081127159,"created":1746081127159,"remoteIdentityKey":"BWoDHcWhfDYakNMTX8FEdzhyXHOxOHCe0zaVOpO+AHF5"},"_chains":{"Bet6AQt+ZCYrP3zreptYIBSWhpiyJJFL9dkrEipqAiV5":{"chainKey":{"counter":0,"key":"1kMrVkvnX+Nv8mjE/Z6jCjR2Ml4wmGBMmtHJFesRtdk="},"chainType":1,"messageKeys":{}}},"pendingPreKey":{"signedKeyId":1,"baseKey":"BaF1NFcgMaHI3vNw7RiMOixcu8arZsYqm8JvVYtYNutb","preKeyId":739}}},"version":"v1"}