{"_sessions":{"Bcb/jnD+KBh52D+wNuGUN42J/nMF4Xu/tKizlqdLcNVR":{"registrationId":1946360481,"currentRatchet":{"ephemeralKeyPair":{"pubKey":"Bb/2foHTTKLg5ldYIGkm9jVc7Rg2s8JW/NXaWYJgw9Fi","privKey":"QP+HlvagWvP6FpadGBveGglPQoH3k4VQn2haXU7rv3c="},"lastRemoteEphemeralKey":"BVELPZ1YX82B16+y1pbBvWeOBWzFHPfjAW6Vzp3AhIN0","previousCounter":0,"rootKey":"sZQNyX07KD6OZ++MP5szY0kInfBSUdXSkmzwBNpTaH8="},"indexInfo":{"baseKey":"Bcb/jnD+KBh52D+wNuGUN42J/nMF4Xu/tKizlqdLcNVR","baseKeyType":1,"closed":-1,"used":1746087840936,"created":1746085499110,"remoteIdentityKey":"Be9GS5a/eKYL9qBcJwQqPMQESGZemy7H53KGGFG+/X8T"},"_chains":{"BVELPZ1YX82B16+y1pbBvWeOBWzFHPfjAW6Vzp3AhIN0":{"chainKey":{"counter":1,"key":"DGqf1EgwtJHq8iG7/McuH/fQAam7qCJdj/4fK8RT70o="},"chainType":2,"messageKeys":{}},"Bb/2foHTTKLg5ldYIGkm9jVc7Rg2s8JW/NXaWYJgw9Fi":{"chainKey":{"counter":6,"key":"DSmWd+dwMKs1cLvVpPea01uJ2y4tn2HO98Q5ThGfR4c="},"chainType":1,"messageKeys":{}}}}},"version":"v1"}