{"_sessions":{"BWJC2PlXmWSI2qW9atuDgfeERttEZUcLW3DM76hG8ixn":{"registrationId":805543029,"currentRatchet":{"ephemeralKeyPair":{"pubKey":"Bflv16Hh+gNG0qW1vQg5MsrMRQQiuhkL+lTkl7e0rbsP","privKey":"OFKUQBVrx4ZFP3+WYBuMG4Qh1Odb9ckeDxCh7rxEdWk="},"lastRemoteEphemeralKey":"BRqJmRXK9qaNSjQNmoBaAp4qf4mVkPlYPSzC5nGePwkU","previousCounter":0,"rootKey":"g4gVH0nzP4MQgFXPerOXp9KBmVc8j810hTbNwQII+ZU="},"indexInfo":{"baseKey":"BWJC2PlXmWSI2qW9atuDgfeERttEZUcLW3DM76hG8ixn","baseKeyType":2,"closed":1746110120015,"used":1746110119867,"created":1746110119867,"remoteIdentityKey":"BVBvnlDFrxHpJbEE+EZuEFV3o412p/hsTY2gMK3vhh5W"},"_chains":{"BRqJmRXK9qaNSjQNmoBaAp4qf4mVkPlYPSzC5nGePwkU":{"chainKey":{"counter":0,"key":"h607A65MjIwF+QdAR3E+48nTnYz0XB1XYqstCYSwa9Q="},"chainType":2,"messageKeys":{}},"Bflv16Hh+gNG0qW1vQg5MsrMRQQiuhkL+lTkl7e0rbsP":{"chainKey":{"counter":-1,"key":"XMaqqCrTFuRFGjXu8eEaNnUg5P3220S5VDONvZBQW3o="},"chainType":1,"messageKeys":{}}}},"BdJzROFucX4UvwyKUoBxBCNhYWVl2OzJ4Dxs+VhHYzdH":{"registrationId":805543029,"currentRatchet":{"ephemeralKeyPair":{"pubKey":"BcrEC7+/msNof1ptuCK7jEXP3dfpIggVxHXwnBXAMEdo","privKey":"SMD3DmDKnGoovIoDQf7/IcxPxn6iiq1fPsGt1CoP6WA="},"lastRemoteEphemeralKey":"BVydR3/8d6cZzlsimzn8dgvq8mwt7URc2yl3sIGqAYgd","previousCounter":0,"rootKey":"eBjEI68UisDbebssa2CKS+TIOGum0u5trgCzsmEh3h8="},"indexInfo":{"baseKey":"BdJzROFucX4UvwyKUoBxBCNhYWVl2OzJ4Dxs+VhHYzdH","baseKeyType":2,"closed":-1,"used":1746110120018,"created":1746110120018,"remoteIdentityKey":"BVBvnlDFrxHpJbEE+EZuEFV3o412p/hsTY2gMK3vhh5W"},"_chains":{"BVydR3/8d6cZzlsimzn8dgvq8mwt7URc2yl3sIGqAYgd":{"chainKey":{"counter":1,"key":"xxEnh71jk6dLCrYpL2sEuQwVzSNKqSoi7sk+SpQqM2A="},"chainType":2,"messageKeys":{}},"BcrEC7+/msNof1ptuCK7jEXP3dfpIggVxHXwnBXAMEdo":{"chainKey":{"counter":2,"key":"j0P/V7QkYXvRNRtpKrX0iTbJrgJDPnWXweOLfJwR6sE="},"chainType":1,"messageKeys":{}}}}},"version":"v1"}