{"_sessions":{"BXTSPasxPOLJQtM44hkpKnLyTevgQPSKoiPoylco7eNK":{"registrationId":558362857,"currentRatchet":{"ephemeralKeyPair":{"pubKey":"Bf7Q82DOslxPwiYXUDvWXyMWWxdQGoLvdvLsLHR9uwEU","privKey":"sEjNCAa6zx7dA1AQ9v6MVrWHOi0vFRY/Gs3K3dHTJGs="},"lastRemoteEphemeralKey":"BQEkdEfsKWJ993XNbw7r3pOyMeRXfyZj3mSLVK7OtmN4","previousCounter":0,"rootKey":"bRGTsPCfBh5utZLmXsdJEvHvnzSl0lb5ozp4OZV3izw="},"indexInfo":{"baseKey":"BXTSPasxPOLJQtM44hkpKnLyTevgQPSKoiPoylco7eNK","baseKeyType":1,"closed":-1,"used":1746110362404,"created":1746110362404,"remoteIdentityKey":"Bdwycug7Mc4EFzjciPtdiqFaJB0GSwlAV6/o5yJe9Q86"},"_chains":{"Bf7Q82DOslxPwiYXUDvWXyMWWxdQGoLvdvLsLHR9uwEU":{"chainKey":{"counter":2,"key":"1nzzSuP3GPR4XhYTZhdvNr1BN5nW1w/Hgd6jt2w0kkc="},"chainType":1,"messageKeys":{}}},"pendingPreKey":{"signedKeyId":13,"baseKey":"BXTSPasxPOLJQtM44hkpKnLyTevgQPSKoiPoylco7eNK","preKeyId":16727953}}},"version":"v1"}