{"_sessions":{"Bc1DS3PoPbPm1KffVzX4h0WKjRYKp9nwtvRYKII2KpYi":{"registrationId":1460775081,"currentRatchet":{"ephemeralKeyPair":{"pubKey":"BbxtaOkgSJILn2REps0+Sg9icgFL9mW7GIeGvRCj7Y5o","privKey":"2FF6btSclO2UAjaHEbrENV4clKJvf66IWcT5gs5EL2U="},"lastRemoteEphemeralKey":"Bcgms+9wFiUZa3AZVk42qpgEsmBMki8fmgbFd0AZdPVK","previousCounter":0,"rootKey":"l7frwAhzeO1K64bLFAbITaPlWnROP9GHYDNRe8MmgYI="},"indexInfo":{"baseKey":"Bc1DS3PoPbPm1KffVzX4h0WKjRYKp9nwtvRYKII2KpYi","baseKeyType":1,"closed":-1,"used":1746110362362,"created":1746110362362,"remoteIdentityKey":"BfPsFoiioHBnDBYAM3R1g8U9MTLo3fXt/Gw4T9IBeGtQ"},"_chains":{"BbxtaOkgSJILn2REps0+Sg9icgFL9mW7GIeGvRCj7Y5o":{"chainKey":{"counter":2,"key":"Lxc31vD90Krv73Mzu7AfdtNnGwwB7oTCbAe5+5m3OFM="},"chainType":1,"messageKeys":{}}},"pendingPreKey":{"signedKeyId":9,"baseKey":"Bc1DS3PoPbPm1KffVzX4h0WKjRYKp9nwtvRYKII2KpYi","preKeyId":7391372}}},"version":"v1"}