{"_sessions":{"BQV8yxxVJoUPAvKQsydhzC/vbSfioq7dwLlrQo+Ovf1j":{"registrationId":705654647,"currentRatchet":{"ephemeralKeyPair":{"pubKey":"BaQ/ajZ3DsSGy65WorTt+a6wpbc8Ik7ml6Ac7X7Iqy8O","privKey":"qM6FNe/uIxEZU2tjvtR0x0+hdh/Vz87haAlv4v9p420="},"lastRemoteEphemeralKey":"BQARJcbA4EC3DYTKPdR7Tynfjx85D4ooPQlch8nhiY06","previousCounter":0,"rootKey":"1ssm7DwTmB/MKGwzGCOtvTBegPgvtXU11/6H4hqbVXo="},"indexInfo":{"baseKey":"BQV8yxxVJoUPAvKQsydhzC/vbSfioq7dwLlrQo+Ovf1j","baseKeyType":1,"closed":-1,"used":1746085499075,"created":1746085499075,"remoteIdentityKey":"BTrf2ZqoNbtTUJpcrPJrQeHv8Awyk4Jv1fzObcChY1ot"},"_chains":{"BaQ/ajZ3DsSGy65WorTt+a6wpbc8Ik7ml6Ac7X7Iqy8O":{"chainKey":{"counter":7,"key":"w3Vt/V989OAKKUj8vc4o71+YkeIlmAuBexefJJpcdsI="},"chainType":1,"messageKeys":{}}},"pendingPreKey":{"signedKeyId":3,"baseKey":"BQV8yxxVJoUPAvKQsydhzC/vbSfioq7dwLlrQo+Ovf1j","preKeyId":13848674}}},"version":"v1"}