{"_sessions":{"BRa0v7iLLOcg/kv5JwQpc6pAsfSCmyRy+42Pi7J8riAr":{"registrationId":1426178229,"currentRatchet":{"ephemeralKeyPair":{"pubKey":"BWDrI+scyES/FPRVFP7nm26SmHZtJKJKZi3y732S7z92","privKey":"iEDrbMEkCiZvvdFv+Z1mVjH8wgGh67+c0iW4YrcCamc="},"lastRemoteEphemeralKey":"BeAcpM/Sqsty1zKwx3TZuDAti+0QHkMwuz8e5Wt2sP9e","previousCounter":0,"rootKey":"FiQz2KlMaL1r92vhsZGzd0Jt1/jJk6EE4bgDT3cOKrE="},"indexInfo":{"baseKey":"BRa0v7iLLOcg/kv5JwQpc6pAsfSCmyRy+42Pi7J8riAr","baseKeyType":1,"closed":-1,"used":1746109837933,"created":1746109837933,"remoteIdentityKey":"Bcr7sHaD8FLM9vuQZPhhPFvWD+cLhTwT+/Gpbgfg1H4T"},"_chains":{"BWDrI+scyES/FPRVFP7nm26SmHZtJKJKZi3y732S7z92":{"chainKey":{"counter":0,"key":"86pznIZ6g4W6YPBwcU1GxglGURtUOAjXkHKTnxYo2cY="},"chainType":1,"messageKeys":{}}},"pendingPreKey":{"signedKeyId":2,"baseKey":"BRa0v7iLLOcg/kv5JwQpc6pAsfSCmyRy+42Pi7J8riAr","preKeyId":2877880}}},"version":"v1"}