{"_sessions":{"BYvG/0usTw8SQS8Y3PD+EEBKQnVFESMTvQQUn9Jp6aUj":{"registrationId":1310070647,"currentRatchet":{"ephemeralKeyPair":{"pubKey":"BUYoh9ezi8WkMS3Z/F1KUR7MJWoxhHHe1FmFo5tJz18u","privKey":"gK1FYhqZ+45SA5gg6l7+QGZJE/A/lmxQrFoEUoHYEVQ="},"lastRemoteEphemeralKey":"BU9DFgkop+K2vJTV9aalE9I5HzJ9TxxLDB3tE92EGDIJ","previousCounter":0,"rootKey":"rojmWr6LMN3XUY428sMUi1/sXomUK0NFJ5gv1TydOyc="},"indexInfo":{"baseKey":"BYvG/0usTw8SQS8Y3PD+EEBKQnVFESMTvQQUn9Jp6aUj","baseKeyType":1,"closed":-1,"used":1746110362447,"created":1746110362447,"remoteIdentityKey":"BcRhrHaOtMByM2COeIBhWgScHeSwq2DKFuH3g7gH19Q9"},"_chains":{"BUYoh9ezi8WkMS3Z/F1KUR7MJWoxhHHe1FmFo5tJz18u":{"chainKey":{"counter":2,"key":"Xt7GjUxzTdmCS4xD7JHnIOjQ4o7DfW4XKAnu2HTKIL0="},"chainType":1,"messageKeys":{}}},"pendingPreKey":{"signedKeyId":7534523,"baseKey":"BYvG/0usTw8SQS8Y3PD+EEBKQnVFESMTvQQUn9Jp6aUj","preKeyId":9032}}},"version":"v1"}