{"_sessions":{"BUp5bCuQmjmXB3h8QkXeoeS80JCkkCNXMGWRLxEWQio6":{"registrationId":161929330,"currentRatchet":{"ephemeralKeyPair":{"pubKey":"BVqsSjp5t4UliaaiWIQNTWU+jDrD9uibeBzianstLHFW","privKey":"gP/FCwJg7nQWTPXTn4Y1gf/6WjEJFXL0uQOUZN5ERnc="},"lastRemoteEphemeralKey":"BfFI6/iu7esqJN0CTjihrCN81F0ZZhd5lhnY+fWAoXQw","previousCounter":0,"rootKey":"3avknF90s3vEnMwv41AZgMLIhSM1MsB3961k11ED3d4="},"indexInfo":{"baseKey":"BUp5bCuQmjmXB3h8QkXeoeS80JCkkCNXMGWRLxEWQio6","baseKeyType":1,"closed":-1,"used":1746109837861,"created":1746109837861,"remoteIdentityKey":"BW8ek7HtmU/EJkj514pa8/xtd/NjVVMvfHUhwxpZd4x5"},"_chains":{"BVqsSjp5t4UliaaiWIQNTWU+jDrD9uibeBzianstLHFW":{"chainKey":{"counter":0,"key":"i4LFCN8eDb/ClHEep9yj7oNQPePTYWNrySSn3/y9UwU="},"chainType":1,"messageKeys":{}}},"pendingPreKey":{"signedKeyId":7,"baseKey":"BUp5bCuQmjmXB3h8QkXeoeS80JCkkCNXMGWRLxEWQio6","preKeyId":15190288}}},"version":"v1"}