{"_sessions":{"BQfKkOSck41PsoWHQDGHwIjwfqn4F6CzlJcCLbAeTrZj":{"registrationId":1423795240,"currentRatchet":{"ephemeralKeyPair":{"pubKey":"BdkFQ6kFQd+uyuq/e7DBdzqb9JB0Ltqfw07EhOg4StkA","privKey":"oK8S94Z4vlcUG238hdnVKa+LuV01mOPFiXashr60dW8="},"lastRemoteEphemeralKey":"BYUUj/1h3iEnhBGaeQ2u+CjPMKcDXY0NJujqZQ0AK5Bs","previousCounter":0,"rootKey":"2n8qkYBawhtEzmzm1QteSDr8Qd6CrFwa4W2wpE1k7ig="},"indexInfo":{"baseKey":"BQfKkOSck41PsoWHQDGHwIjwfqn4F6CzlJcCLbAeTrZj","baseKeyType":1,"closed":-1,"used":1746087994297,"created":1746085499167,"remoteIdentityKey":"BQI2xVk+66XUv0fx7PBrzKQd0oFdWHyA7WZK9hxKLd0a"},"_chains":{"BYUUj/1h3iEnhBGaeQ2u+CjPMKcDXY0NJujqZQ0AK5Bs":{"chainKey":{"counter":1,"key":"a4QQlGhqm7cm2MUL2rsMxm3fvvH2TVhpoS8JeacvybU="},"chainType":2,"messageKeys":{}},"BdkFQ6kFQd+uyuq/e7DBdzqb9JB0Ltqfw07EhOg4StkA":{"chainKey":{"counter":6,"key":"+SfWEtXOJBVOYdzVafmR72w3Gd5Xa2K8V6kNM41bK6c="},"chainType":1,"messageKeys":{}}}}},"version":"v1"}