{"_sessions":{"BW26O5XpEPh+m9mHJatsFPBsigqWPNkmbEz93Em0uT0l":{"registrationId":1758336050,"currentRatchet":{"ephemeralKeyPair":{"pubKey":"BaZTXSCREAHP80y9qntYgpbGVnTFXBOF39Tpsl7BynUI","privKey":"gJxrVF6qAJCxpoRhHNwYkbeyKhq+ac9NV/t2WZ3EVFU="},"lastRemoteEphemeralKey":"BXvfxSu/1GNkumsQ9qJOKWqXpO5y2koJlMyDtdxF6S84","previousCounter":0,"rootKey":"qWBAA9X/l4YpQ6LeXOUKfi487Z1JxlFvpZC+ptcEHUs="},"indexInfo":{"baseKey":"BW26O5XpEPh+m9mHJatsFPBsigqWPNkmbEz93Em0uT0l","baseKeyType":1,"closed":-1,"used":1746085499098,"created":1746085499098,"remoteIdentityKey":"BdSNQiLmA0XuU7jwDsRqQlO1j/BQMztgHT5C3pdZshh8"},"_chains":{"BaZTXSCREAHP80y9qntYgpbGVnTFXBOF39Tpsl7BynUI":{"chainKey":{"counter":7,"key":"Y44HBMG68xyuuuULHYRavq7g2LpTxZAujIqNCAeX+/c="},"chainType":1,"messageKeys":{}}},"pendingPreKey":{"signedKeyId":0,"baseKey":"BW26O5XpEPh+m9mHJatsFPBsigqWPNkmbEz93Em0uT0l"}}},"version":"v1"}