{"_sessions":{"BdWwryWa/4rTtObc48gB2FoLKNX4H+0aXktl1wYXMHkX":{"registrationId":31864112,"currentRatchet":{"ephemeralKeyPair":{"pubKey":"Bd0FVztntcaF27ZNjbt+4uQXStgyJnj0bLN0obRVJcQt","privKey":"6F2jahXstHyQG9VnBmg1uUNbP7ex4q6C+duBnrDUrkI="},"lastRemoteEphemeralKey":"BSUO3bBlnQpnrieRuDzBs9sxCxlXQU3lDb3z3X9KU7g5","previousCounter":0,"rootKey":"3nWYF/85Wnj4NEmj+gVU65j1HruBWrq/RKJ3MB6j8yk="},"indexInfo":{"baseKey":"BdWwryWa/4rTtObc48gB2FoLKNX4H+0aXktl1wYXMHkX","baseKeyType":1,"closed":-1,"used":1746110362320,"created":1746110362320,"remoteIdentityKey":"BTfkIFfvjX28pg3gGRHlmar2A8wQqF+L/RKSxb8OSDZX"},"_chains":{"Bd0FVztntcaF27ZNjbt+4uQXStgyJnj0bLN0obRVJcQt":{"chainKey":{"counter":2,"key":"qzrwslDXVOriQf2KVEkOK9w70KpTUvHDjxHffg4kkp8="},"chainType":1,"messageKeys":{}}},"pendingPreKey":{"signedKeyId":1,"baseKey":"BdWwryWa/4rTtObc48gB2FoLKNX4H+0aXktl1wYXMHkX","preKeyId":10940129}}},"version":"v1"}