{"_sessions":{"BYcHw8/T89B/5SDQ7x/r7tC/Ls0gGEQELVJl20DcFnlW":{"registrationId":2009717176,"currentRatchet":{"ephemeralKeyPair":{"pubKey":"BePHOHxACik4/9P3kHz2uEH5Mryd2O2wUejvqGIwluox","privKey":"oL4iZ9vkvB0J4D+vXAMvDI9VlqNc0tpr950klbmsl2M="},"lastRemoteEphemeralKey":"BZI5r7Bl2O3blNibXOch1aqtewt7g/yhMqDX0NebObNB","previousCounter":0,"rootKey":"xcRvp4eyaveFXKHGdO90V1wTRueUKOW2zxhyThADr74="},"indexInfo":{"baseKey":"BYcHw8/T89B/5SDQ7x/r7tC/Ls0gGEQELVJl20DcFnlW","baseKeyType":1,"closed":-1,"used":1746110362488,"created":1746110362488,"remoteIdentityKey":"BSt892zm+LW1fTfOkXcB6o3r6ihMpPDgP5kFMMJS7eRd"},"_chains":{"BePHOHxACik4/9P3kHz2uEH5Mryd2O2wUejvqGIwluox":{"chainKey":{"counter":2,"key":"Jm9dg2nor4Frxm1Kji5uvku3TVZLKD1EPgqx3S5OUzw="},"chainType":1,"messageKeys":{}}},"pendingPreKey":{"signedKeyId":16,"baseKey":"BYcHw8/T89B/5SDQ7x/r7tC/Ls0gGEQELVJl20DcFnlW","preKeyId":7371705}}},"version":"v1"}