{"_sessions":{"Bbl59CAEYt6fj2GNITxbxl5jjxBeXUKHmdnhVD+FaXVk":{"registrationId":303224254,"currentRatchet":{"ephemeralKeyPair":{"pubKey":"BYX80P4uxGd8A7B/j9AK7ed98ToN31i/Z1wmxhqCItEI","privKey":"4OVPSOZkuJupx24yGlSLku5dQ0Otn5xO9UKQ7icZZE4="},"lastRemoteEphemeralKey":"BRAemJqJs1gAajO9kiJtT/7+Epo7r0KXjlWX+Od5D2QU","previousCounter":3,"rootKey":"vzFoGNLsy4tRT6OvmaGq0fgxxdptq1PyheF4hZTv1n0="},"indexInfo":{"baseKey":"Bbl59CAEYt6fj2GNITxbxl5jjxBeXUKHmdnhVD+FaXVk","baseKeyType":1,"closed":-1,"used":1746143909992,"created":1746104067887,"remoteIdentityKey":"BR70Jh3Ev5Er6zSOb7GLbtijgbE+ADGpjqJZjbgQIkFO"},"_chains":{"BSv/zaRaFruBlMmiGCVJzijCdevYC2KBtwcbiBZS6plh":{"chainKey":{"counter":0},"chainType":2,"messageKeys":{}},"BbDavRiUMLKsnNp/4qMSqRVY+f1pTOY3bNjWim5WOgsN":{"chainKey":{"counter":1},"chainType":2,"messageKeys":{}},"BZ90UB8XUI/JvicIwpzyMqz+ZCd7tRI8RozgLyrEEh8X":{"chainKey":{"counter":0},"chainType":2,"messageKeys":{}},"BXaSNeJ3UAB7TJUqnGkW7BXirIS1eMoGl69QYf4Qut9u":{"chainKey":{"counter":0},"chainType":2,"messageKeys":{}},"Bc/cZCP25G7xBMoCsC+x7gBe8lgDEzboFjRwAUdWcuV9":{"chainKey":{"counter":0},"chainType":2,"messageKeys":{}},"BRAemJqJs1gAajO9kiJtT/7+Epo7r0KXjlWX+Od5D2QU":{"chainKey":{"counter":0,"key":"RFfLkVJhYmKCWw/EJzdztLMS8ciSvk2Jx6Os7wkzc8U="},"chainType":2,"messageKeys":{}},"BYX80P4uxGd8A7B/j9AK7ed98ToN31i/Z1wmxhqCItEI":{"chainKey":{"counter":0,"key":"gYqpSCqa8CTDiLEvEA1vquuS/ZYJyQULoJ2mvnpTKjE="},"chainType":1,"messageKeys":{}}}}},"version":"v1"}