{"_sessions":{"Bdz0hnPjTVoQtbzBDmgocE612fC+oKjYJDyVUsSYbr1x":{"registrationId":1701228862,"currentRatchet":{"ephemeralKeyPair":{"pubKey":"BSnEUAInEK69o08lNCkTA18I9DgbjI1kH7LxW+2O4OVL","privKey":"kBpQA6RgPN0PJhyL6KEDjfXlJbwth6YJ/pApU7TnKGc="},"lastRemoteEphemeralKey":"BSSVXAR2vR/qCWSJwkWWE8kWXZwx59Odq44BJOSsf9ci","previousCounter":0,"rootKey":"6QVWpGmvt6F/nxiR8P5GzLY6fimTAcYlTdAMqP5//RQ="},"indexInfo":{"baseKey":"Bdz0hnPjTVoQtbzBDmgocE612fC+oKjYJDyVUsSYbr1x","baseKeyType":1,"closed":-1,"used":1746081127221,"created":1746081127221,"remoteIdentityKey":"BfdSEibRLD8A+DyXu0Yj83pGyQP6GDPJUVMeWN8+GEMb"},"_chains":{"BSnEUAInEK69o08lNCkTA18I9DgbjI1kH7LxW+2O4OVL":{"chainKey":{"counter":0,"key":"hpr/jAGWtjeOogPLaYFCvPJ8amqp1jWjydQsEa7MPsY="},"chainType":1,"messageKeys":{}}},"pendingPreKey":{"signedKeyId":7,"baseKey":"Bdz0hnPjTVoQtbzBDmgocE612fC+oKjYJDyVUsSYbr1x","preKeyId":11979448}}},"version":"v1"}