{"_sessions":{"BZAdVXyzUKLK9xyjm/OCjTcCLx79zUhA6m2+byGWGQRJ":{"registrationId":1710946918,"currentRatchet":{"ephemeralKeyPair":{"pubKey":"BbUHdNn6okZsX7IWIWsCfZjmjZA1VYPOhqkQ44sOFtxK","privKey":"MFHfQnsr9WA5q71BTa3sXwV/AayH5dASSLSbhVQVY2M="},"lastRemoteEphemeralKey":"BXf8jfyvhxgxUEUr3EEi0cqB0JUyVuDW15Srs9oLcx1i","previousCounter":0,"rootKey":"MeJuOB7yakgePhnCS0hkwl+ki8neyjG8uW0ZJ9lejew="},"indexInfo":{"baseKey":"BZAdVXyzUKLK9xyjm/OCjTcCLx79zUhA6m2+byGWGQRJ","baseKeyType":1,"closed":-1,"used":1746081127163,"created":1746081127163,"remoteIdentityKey":"BR/fDIbcdXhf3Ci0FKKGPATdNqMU9LCkFo0Ox8fKEq5k"},"_chains":{"BbUHdNn6okZsX7IWIWsCfZjmjZA1VYPOhqkQ44sOFtxK":{"chainKey":{"counter":0,"key":"+ti/IyQd06e9QP4D4SeZk1j+7lN60mo62te+lJsvR7U="},"chainType":1,"messageKeys":{}}},"pendingPreKey":{"signedKeyId":2,"baseKey":"BZAdVXyzUKLK9xyjm/OCjTcCLx79zUhA6m2+byGWGQRJ","preKeyId":4662991}}},"version":"v1"}