{"_sessions":{"BWMeyCnIY12RajUyNTg7vXm6vCux0PbuhaJtbgJYOFEa":{"registrationId":1166445658,"currentRatchet":{"ephemeralKeyPair":{"pubKey":"BSwYw6B1869CyQ0SYckfbgLPD5wxvLPFd+Gurcn/Z/QG","privKey":"QKzEiwgiG6pn37rS1sHCpRq/GjYcftj6iMlg8f/GHmQ="},"lastRemoteEphemeralKey":"BQ7744s9/yf2iPQhshfyADcqcRn4V4li1vM+XbFqTEY2","previousCounter":0,"rootKey":"eJdqVmXt7cGv/MqU+hJQ8AqlK0mec6ZWGkWHbcw4hvs="},"indexInfo":{"baseKey":"BWMeyCnIY12RajUyNTg7vXm6vCux0PbuhaJtbgJYOFEa","baseKeyType":2,"closed":-1,"used":1746109071895,"created":1746108980134,"remoteIdentityKey":"BQbY5Xwn4kYG3VpF6tHNlb2+egNSKzQlMhYPKkACpEl5"},"_chains":{"Balc/3L88Z2JU4v2EY8RLTcWutX+1fbJk1McMeQPsKwd":{"chainKey":{"counter":1},"chainType":2,"messageKeys":{}},"BQ7744s9/yf2iPQhshfyADcqcRn4V4li1vM+XbFqTEY2":{"chainKey":{"counter":0,"key":"J3iHuZ2VykwfbE7AnulVFw+E0S+4S1WOnPRFK4BkhiE="},"chainType":2,"messageKeys":{}},"BSwYw6B1869CyQ0SYckfbgLPD5wxvLPFd+Gurcn/Z/QG":{"chainKey":{"counter":-1,"key":"oiClZ+synBpAjsTASNlt6Cj/0BvKJ1j4Ey1zajXiz1s="},"chainType":1,"messageKeys":{}}}}},"version":"v1"}