{"_sessions":{"BZLCu5n0oTX/5D8hX/PPxhDidZ3xPqhhYzN5petIDudf":{"registrationId":258609561,"currentRatchet":{"ephemeralKeyPair":{"pubKey":"Bcy5Qx6eY2e27bTaxD+PsSBABgv4NF701NnD6xPXW/UI","privKey":"4GT2cQ9us/6BmRcNV3BiKpliPHzbzPO9mHC9WfGZWlo="},"lastRemoteEphemeralKey":"BayUWMSqsHBwAXxshZ+fzsp2SIf1gAJ7+Wri/PpSIrUZ","previousCounter":0,"rootKey":"SH3wMefFc7xumJoBlaAg7C6GedvDkqRrXXmw0gpT93M="},"indexInfo":{"baseKey":"BZLCu5n0oTX/5D8hX/PPxhDidZ3xPqhhYzN5petIDudf","baseKeyType":1,"closed":-1,"used":1746104067804,"created":1746104067804,"remoteIdentityKey":"Bdr8ReJBt55mCZBSwus3QOEwKNGzDJaUsthen9hHr8c5"},"_chains":{"Bcy5Qx6eY2e27bTaxD+PsSBABgv4NF701NnD6xPXW/UI":{"chainKey":{"counter":0,"key":"SmGBJSitxsHg0U4kOts6FwmZi1QRyyQFp1kq3UqhJrk="},"chainType":1,"messageKeys":{}}},"pendingPreKey":{"signedKeyId":14,"baseKey":"BZLCu5n0oTX/5D8hX/PPxhDidZ3xPqhhYzN5petIDudf","preKeyId":2430710}}},"version":"v1"}