{"_sessions":{"BTKbf0DQYp/tBmrWJOPN94V7f2l1wKAzdr/5G1O3dMp0":{"registrationId":742447819,"currentRatchet":{"ephemeralKeyPair":{"pubKey":"BXZR2j97z+GXIsv5YMsiJb3OpQnVR3x3XkWq3qJcztBs","privKey":"aPIch+VxsFIvr1ell9USaUjr7bvl3qJVDR4G6jAArF4="},"lastRemoteEphemeralKey":"BeAxygsonIxQk1WIi7Qx/wVSsgcLq1IVLwXqo+BMp04g","previousCounter":0,"rootKey":"REhDk5tXZxBy4XMRrR+WodCVdzzwYY/tviKhrfukc/Q="},"indexInfo":{"baseKey":"BTKbf0DQYp/tBmrWJOPN94V7f2l1wKAzdr/5G1O3dMp0","baseKeyType":1,"closed":-1,"used":1746109837892,"created":1746109837892,"remoteIdentityKey":"BTr202h2v6v0e4zPBAttdDSHW7t9J+oKvIu6d34eV80n"},"_chains":{"BXZR2j97z+GXIsv5YMsiJb3OpQnVR3x3XkWq3qJcztBs":{"chainKey":{"counter":0,"key":"Tqbne5Kzn7on2Z/9pA8WD50+3T+9SkV8gJd/fhSqvbA="},"chainType":1,"messageKeys":{}}},"pendingPreKey":{"signedKeyId":3,"baseKey":"BTKbf0DQYp/tBmrWJOPN94V7f2l1wKAzdr/5G1O3dMp0","preKeyId":14524070}}},"version":"v1"}