{"_sessions":{"BYxjt+0kTgUndIUCethi4s3PM5VNpqN0nr/Ewl8wBT48":{"registrationId":620142669,"currentRatchet":{"ephemeralKeyPair":{"pubKey":"BbVONp8IZnJRpjVbGzevDYFVDUVd26c4I9/ouYWTwXF4","privKey":"yCBzOMiPbmqyP3EVUIdnQOP5X+ICEkEwC+bKDu+VgFM="},"lastRemoteEphemeralKey":"BauIHRBceLA7Fp6IR6EOMEOcbt6SS12/ppJYefgPhNJY","previousCounter":0,"rootKey":"NdUP2Z/W2U706d3YVzNwU5es2fAstRN4ilnd08a9SyM="},"indexInfo":{"baseKey":"BYxjt+0kTgUndIUCethi4s3PM5VNpqN0nr/Ewl8wBT48","baseKeyType":1,"closed":-1,"used":1746110362331,"created":1746110362331,"remoteIdentityKey":"BbdxPj40MQR8YvqSjH+HzIVEuUJzxccJmgA9V4pwExMg"},"_chains":{"BbVONp8IZnJRpjVbGzevDYFVDUVd26c4I9/ouYWTwXF4":{"chainKey":{"counter":2,"key":"AuOgsawZYAQU8ZwiLaTXZReyUAuAiN6IpmKG9JQiXsA="},"chainType":1,"messageKeys":{}}},"pendingPreKey":{"signedKeyId":2,"baseKey":"BYxjt+0kTgUndIUCethi4s3PM5VNpqN0nr/Ewl8wBT48","preKeyId":12768960}}},"version":"v1"}