{"_sessions":{"BcCrKyS59kUpx3ub5y2S0uMug3+Cc6JsSEIrFsDHMsI6":{"registrationId":1158621494,"currentRatchet":{"ephemeralKeyPair":{"pubKey":"BaXo/TIFAqOjLkNDB5iF0iBB2kOx4stS64KBVy2rPHBq","privKey":"6FOWkuvp+3WpmVjOXEZt1/4FbyVRtbzESBs2PkIv7Ws="},"lastRemoteEphemeralKey":"BUZr28AIjF2Rvw9y8RN3v0/JDxQ6MwJkmE/rMy4MNdZE","previousCounter":0,"rootKey":"EE9KvtlwUsRnki0MXQEXKpI1T/N4jTy0MUqqd1kyRgE="},"indexInfo":{"baseKey":"BcCrKyS59kUpx3ub5y2S0uMug3+Cc6JsSEIrFsDHMsI6","baseKeyType":1,"closed":-1,"used":1746110362454,"created":1746110362454,"remoteIdentityKey":"BVP5ctlOL7kO8cxVVS7CJulE0VaTIVnDOYrEviCpjzVo"},"_chains":{"BaXo/TIFAqOjLkNDB5iF0iBB2kOx4stS64KBVy2rPHBq":{"chainKey":{"counter":2,"key":"khJhO5l1SI1PHp8GWCulB+1+SVqIPNgUvetbpizn5rU="},"chainType":1,"messageKeys":{}}},"pendingPreKey":{"signedKeyId":21,"baseKey":"BcCrKyS59kUpx3ub5y2S0uMug3+Cc6JsSEIrFsDHMsI6","preKeyId":990387}}},"version":"v1"}