{"_sessions":{"BVC/Dg3GqNpOtBLk/SD2fEGRAGviA7yvt4dnig2wXUEu":{"registrationId":1782151203,"currentRatchet":{"ephemeralKeyPair":{"pubKey":"BcBgo9Afhh4Rbv1eto+U5mpyYeyjyTMcis+kS1n9vwFR","privKey":"qHnejwc3rBktZlG44Tnu3C6G7SO9SgwUpoJHiiF3K3M="},"lastRemoteEphemeralKey":"BcnLOp/4/AriGrG5IDTm7VV0U9TtJItTrjho4eZMjLpX","previousCounter":0,"rootKey":"ZMN666Y14CEyjY4vjFzCTQfJ9cl7B8VyH4SKy1EJ7ls="},"indexInfo":{"baseKey":"BVC/Dg3GqNpOtBLk/SD2fEGRAGviA7yvt4dnig2wXUEu","baseKeyType":1,"closed":-1,"used":1746105094192,"created":1746105094192,"remoteIdentityKey":"BTJRxHS+rqDt0ZI6kkwd0V/L0S2nYCcIgnu/8DYtJ5Nv"},"_chains":{"BcBgo9Afhh4Rbv1eto+U5mpyYeyjyTMcis+kS1n9vwFR":{"chainKey":{"counter":0,"key":"NFGjdh5EdTunHYQhVnHnka/WogCj7mhZ1cj2ZUFtUYc="},"chainType":1,"messageKeys":{}}},"pendingPreKey":{"signedKeyId":2,"baseKey":"BVC/Dg3GqNpOtBLk/SD2fEGRAGviA7yvt4dnig2wXUEu","preKeyId":12334519}}},"version":"v1"}