{"_sessions":{"BVgevEray05QeA5hvFLQ445skjrUW8X1PPlK0B2aZ8xP":{"registrationId":907266037,"currentRatchet":{"ephemeralKeyPair":{"pubKey":"BQPXflgPt18MSZOPpwN4G+BLo+5Qwc04wjDhnuEPSUVK","privKey":"cJPfGJLFKPMlN8msAlyIELjjj0qvkkl5Ul3WIIXLl08="},"lastRemoteEphemeralKey":"BY9eJQTB0EBd9JerfKDhA38sR72BXm+alcj+3uHs220E","previousCounter":0,"rootKey":"G0SOj9hS5N9eFYF/JqU/nr69YId1MJI4I/DDK593HSs="},"indexInfo":{"baseKey":"BVgevEray05QeA5hvFLQ445skjrUW8X1PPlK0B2aZ8xP","baseKeyType":1,"closed":-1,"used":1746087841119,"created":1746085499145,"remoteIdentityKey":"BeLXxOP5RML9Ub2l/kCBNf4MKfhGUjMUUR46/ryTK955"},"_chains":{"BY9eJQTB0EBd9JerfKDhA38sR72BXm+alcj+3uHs220E":{"chainKey":{"counter":1,"key":"4tj80NAtihMaR1pUmJ1NgSWm8L6iukWvGBus5ecaPkE="},"chainType":2,"messageKeys":{}},"BQPXflgPt18MSZOPpwN4G+BLo+5Qwc04wjDhnuEPSUVK":{"chainKey":{"counter":6,"key":"MnYKcHqCurZLXLr02TfycdMOF/CcNMaJevtrQHCGalg="},"chainType":1,"messageKeys":{}}}}},"version":"v1"}