{"_sessions":{"BSymNUDB5sB7YexXvrM2ws7lDoRxmPfMB//7DqlgNM96":{"registrationId":1280171775,"currentRatchet":{"ephemeralKeyPair":{"pubKey":"BZzoG0qrJuxs5CxUR0YFbFnSjiwfO51Ax/ZYLrin2511","privKey":"CM5Rtin84R0wQWXz/B70ijcO2sp2hPazOBR87X+0Kng="},"lastRemoteEphemeralKey":"BXrbEOzbCLGSEVn2WjacEbH2U/rFHc+a2oIrner73ldA","previousCounter":2,"rootKey":"CfeYXMT4VbY+DOGvtWUvLjpWxfuPT0WeXRy/k1xEVgs="},"indexInfo":{"baseKey":"BSymNUDB5sB7YexXvrM2ws7lDoRxmPfMB//7DqlgNM96","baseKeyType":2,"closed":-1,"used":1746089978188,"created":1746085414560,"remoteIdentityKey":"BSHekeu40uzA+zutTaTuqgkKEwfU8BaxBokI9I5/QHBe"},"_chains":{"BVnpcke4iBoi2IKSoo0bB+Prq2bAb+CQ7FqmAaqPgZYc":{"chainKey":{"counter":1},"chainType":2,"messageKeys":{}},"BeaPvcMzEKRj3XNMfTbacOPsgaderSbITqAMXF6tF8Zv":{"chainKey":{"counter":0},"chainType":2,"messageKeys":{}},"BXrbEOzbCLGSEVn2WjacEbH2U/rFHc+a2oIrner73ldA":{"chainKey":{"counter":0,"key":"NGSgAvyyx1WShxEVncvcoj9w6JPjLpS/vocOxsA99T4="},"chainType":2,"messageKeys":{}},"BZzoG0qrJuxs5CxUR0YFbFnSjiwfO51Ax/ZYLrin2511":{"chainKey":{"counter":3,"key":"JcbWVvIJoGtC2BTPitc6HoKSV3mTr3aa0/tcmku8qzQ="},"chainType":1,"messageKeys":{}}}}},"version":"v1"}