{"_sessions":{"BfneoGuw/uT92mzeasEoCoO6Oil+LK07C1I6qp2n7/8W":{"registrationId":1470574873,"currentRatchet":{"ephemeralKeyPair":{"pubKey":"BbwiBK5Yph0Mxqn51OMcBMiVZ1jYb4n6ffEzKsQNhFQ/","privKey":"GD1p0nKa2t+dDd/sCVSH12xB3FRLU0/V20zl9gN2eEg="},"lastRemoteEphemeralKey":"BWuHKRHjQ+VkA1bHB9FKJROY1iViWCOKqKv2AraMXhA0","previousCounter":0,"rootKey":"6XcQ9qh9oyMdzFT4AIhg1PMK8rXI6/nP4K/t5fT51jM="},"indexInfo":{"baseKey":"BfneoGuw/uT92mzeasEoCoO6Oil+LK07C1I6qp2n7/8W","baseKeyType":1,"closed":-1,"used":1746087841240,"created":1746085499137,"remoteIdentityKey":"BbLX9fYrZ5mZ0xQJ9SCP+xs3Y6Er7HfZlD72vrQr7sU1"},"_chains":{"BWuHKRHjQ+VkA1bHB9FKJROY1iViWCOKqKv2AraMXhA0":{"chainKey":{"counter":1,"key":"p1mfKkBPZLD0GcF2E+tfVF+f6Sedd/TU23Eq/IWG2rM="},"chainType":2,"messageKeys":{}},"BbwiBK5Yph0Mxqn51OMcBMiVZ1jYb4n6ffEzKsQNhFQ/":{"chainKey":{"counter":7,"key":"KJ27x9MuQNhtSLGicgkV231B73w5d2ParzdDIPL1sBI="},"chainType":1,"messageKeys":{}}}}},"version":"v1"}