{"_sessions":{"BcpzSm8fwX8oYgbu++9VHsWP450E6qm+MQn+eNQgnIV8":{"registrationId":2111032787,"currentRatchet":{"ephemeralKeyPair":{"pubKey":"BazV+ygw9qFJyfApyWRjqVqp6uMt+TYdnDrNrlpGDOB5","privKey":"uHzahyPLHaaAsdV0zABLxFjJTjMhDVH0C1sfhst/wGc="},"lastRemoteEphemeralKey":"BSPTLoqHI2wqExUmJym6vnociMHIwQet5XjWVwHhPSE2","previousCounter":0,"rootKey":"SU2tlgD0hjaDFpJEsS7ka3jhzN3VwuiOB338/H3y83s="},"indexInfo":{"baseKey":"BcpzSm8fwX8oYgbu++9VHsWP450E6qm+MQn+eNQgnIV8","baseKeyType":1,"closed":-1,"used":1746109837852,"created":1746109837852,"remoteIdentityKey":"BZ6RGITF3sK02SUGKB27Y44A7IWRzs/hI2Yd5WPtymAT"},"_chains":{"BazV+ygw9qFJyfApyWRjqVqp6uMt+TYdnDrNrlpGDOB5":{"chainKey":{"counter":0,"key":"HB2miF5Ju5MShiH3yCGcJ9Xe8tyXqTL0VW3vZw3bAX0="},"chainType":1,"messageKeys":{}}},"pendingPreKey":{"signedKeyId":1,"baseKey":"BcpzSm8fwX8oYgbu++9VHsWP450E6qm+MQn+eNQgnIV8","preKeyId":7328741}}},"version":"v1"}