{"_sessions":{"BR8dA9PgP1ShVfxHMs9YDDu0Xtt8fZbFbKplayA5QTJm":{"registrationId":302990242,"currentRatchet":{"ephemeralKeyPair":{"pubKey":"BWsjdVJdpYAEmFBCdNdo5SzU8ovSDti2v2nJM+aa5nBL","privKey":"SGYViqrQHVUb/wYJHlg6gET65UUhmoDN26Ea0ggSiHY="},"lastRemoteEphemeralKey":"BZ24xiUoi+ulVEbLAao1DUOHc983B7vEEAMAUWr9J2kJ","previousCounter":0,"rootKey":"uwcyX4Pm81Wz1vCRatkCLdYtl4l3OnpFg889+qFplBs="},"indexInfo":{"baseKey":"BR8dA9PgP1ShVfxHMs9YDDu0Xtt8fZbFbKplayA5QTJm","baseKeyType":1,"closed":-1,"used":1746081127175,"created":1746081127175,"remoteIdentityKey":"BVuY4Z3P9jegchtOLb77Rw/c2Q4yb7LKCxCvJRczc/kC"},"_chains":{"BWsjdVJdpYAEmFBCdNdo5SzU8ovSDti2v2nJM+aa5nBL":{"chainKey":{"counter":0,"key":"De4XWeRwiwDJ3nH0ekOlrd237chBKCPagDUNUKVf/GU="},"chainType":1,"messageKeys":{}}},"pendingPreKey":{"signedKeyId":11,"baseKey":"BR8dA9PgP1ShVfxHMs9YDDu0Xtt8fZbFbKplayA5QTJm","preKeyId":10505092}}},"version":"v1"}