{"_sessions":{"BakkG3BIP9ee5Zzi//dhocixu0w68WV0L8ueKRvBTn0f":{"registrationId":68832608,"currentRatchet":{"ephemeralKeyPair":{"pubKey":"BRFm/1YjqJH28GhrVgArpL9VUibbbvGaOMWs7mHAhERD","privKey":"cBVONuuDCZR+JPUFbrQBV1RAdFewb4Fy92cd6Aj6hHA="},"lastRemoteEphemeralKey":"Bfj5aGRTLxPGguR5aAKqvz1nvZ/9y72tl+2rki7DuuFj","previousCounter":0,"rootKey":"f4cY3q/tHl+Ly5TfT9BCOvIk8ryJ9OtjEVi6cI80xxg="},"indexInfo":{"baseKey":"BakkG3BIP9ee5Zzi//dhocixu0w68WV0L8ueKRvBTn0f","baseKeyType":1,"closed":-1,"used":1746087841048,"created":1746085499084,"remoteIdentityKey":"BQnXUM1oscwTxoxxLki+c350WzTVPJaojguBvyTMfec9"},"_chains":{"Bfj5aGRTLxPGguR5aAKqvz1nvZ/9y72tl+2rki7DuuFj":{"chainKey":{"counter":1,"key":"HmfcAPQLFy8/xuP/RcM071aUs0d5o67k6NigIjKwS5U="},"chainType":2,"messageKeys":{}},"BRFm/1YjqJH28GhrVgArpL9VUibbbvGaOMWs7mHAhERD":{"chainKey":{"counter":6,"key":"zdJue5DMTfPomQHlI60nxnI9R5ZKOsi6FPydrx46pSU="},"chainType":1,"messageKeys":{}}}}},"version":"v1"}