{"_sessions":{"BVZdCoJTAYhU7QsbbjUYi+JbYHLvBxNIsWA9YS4yhe95":{"registrationId":776881925,"currentRatchet":{"ephemeralKeyPair":{"pubKey":"BfsQr++9LVP6J/8UqvMkt0Iy58+F4TpAdG/IoFeX0MFc","privKey":"4Bvi77eCPPHKJ+gTCsBquBcF80Uk9QbFnveVL4DyGHU="},"lastRemoteEphemeralKey":"BXesDnlWzdlUh4/+Hu/gN8Ktwuy8pcGcHFP74tWElGxx","previousCounter":0,"rootKey":"g8gRlvasSNhzC34OHzNRXVZrUKCLGDCgaWQK/izhzX0="},"indexInfo":{"baseKey":"BVZdCoJTAYhU7QsbbjUYi+JbYHLvBxNIsWA9YS4yhe95","baseKeyType":1,"closed":-1,"used":1746109837856,"created":1746109837856,"remoteIdentityKey":"BVzbnPGxt8/qmUkR9AS9JJWLbQca+6DXt0RjXVCxVekJ"},"_chains":{"BfsQr++9LVP6J/8UqvMkt0Iy58+F4TpAdG/IoFeX0MFc":{"chainKey":{"counter":0,"key":"MkIUddgF0K3IMS33y4chc2PlA8hFwLWj/QFQCxwCezA="},"chainType":1,"messageKeys":{}}},"pendingPreKey":{"signedKeyId":2,"baseKey":"BVZdCoJTAYhU7QsbbjUYi+JbYHLvBxNIsWA9YS4yhe95","preKeyId":5604439}}},"version":"v1"}