{"_sessions":{"Be4QPlUO0zCZGBzj2UZXpiMbu5IQzR6T6XZhN8Rj0ok7":{"registrationId":1189813817,"currentRatchet":{"ephemeralKeyPair":{"pubKey":"BTtBymIkxs+VrmFGYs8p4KP3wUd8cOWfUT0cxynTAX43","privKey":"UBoNP0qBB8J4TYZtgNepYKbK/zwhhU9OxbZVshZPUGc="},"lastRemoteEphemeralKey":"BQVJQhbxmKcUSNezvhqWibteou2KD5NicvZTAtTInbIx","previousCounter":0,"rootKey":"3SCkvktMjACuFoCxtshsiW/xAXfcVxg++I0wed1Li2Y="},"indexInfo":{"baseKey":"Be4QPlUO0zCZGBzj2UZXpiMbu5IQzR6T6XZhN8Rj0ok7","baseKeyType":1,"closed":-1,"used":1746085499080,"created":1746085499080,"remoteIdentityKey":"BSpPrFeqvFTkiNqYGiXoiBAFRKMXBdhHEvgPDDbVVwd3"},"_chains":{"BTtBymIkxs+VrmFGYs8p4KP3wUd8cOWfUT0cxynTAX43":{"chainKey":{"counter":7,"key":"qnHs75R8NbQ4ExDGtl++OhqAiMZxFbQ/J9DdOsU+AOM="},"chainType":1,"messageKeys":{}}},"pendingPreKey":{"signedKeyId":3,"baseKey":"Be4QPlUO0zCZGBzj2UZXpiMbu5IQzR6T6XZhN8Rj0ok7","preKeyId":5536058}}},"version":"v1"}