{"_sessions":{"BWjMlELnYxiyN62iF0X0c7AKNZ2M5bAJjwEspvi8X2F8":{"registrationId":894290469,"currentRatchet":{"ephemeralKeyPair":{"pubKey":"BTuct8OLzWD6IBED55Z1n9ie7xFLGfarOjcVt8UmBUgm","privKey":"QEAMyrVg/iottahPdY5FUE6JfsLgac6H7ZzufdmnuFg="},"lastRemoteEphemeralKey":"BXfUXfdTHlRVcYv4BAvA4YsKlhfQKODA2L4sZriC9vh2","previousCounter":0,"rootKey":"oqopGOPIIF4FcE5uZjcbr5UjhD7cid5Mvb26a3B+z9Y="},"indexInfo":{"baseKey":"BWjMlELnYxiyN62iF0X0c7AKNZ2M5bAJjwEspvi8X2F8","baseKeyType":1,"closed":-1,"used":1746109837910,"created":1746109837910,"remoteIdentityKey":"BbRj/mC5JssCD6aqRMVBxXJ7tMqZ1loBL7g3n2zURWoL"},"_chains":{"BTuct8OLzWD6IBED55Z1n9ie7xFLGfarOjcVt8UmBUgm":{"chainKey":{"counter":0,"key":"v5NcJxPjfWiSD2DYoHGFRuWITNYYaO7D9I2gjrBylqI="},"chainType":1,"messageKeys":{}}},"pendingPreKey":{"signedKeyId":23,"baseKey":"BWjMlELnYxiyN62iF0X0c7AKNZ2M5bAJjwEspvi8X2F8","preKeyId":4714782}}},"version":"v1"}