{"_sessions":{"Ba/8HkWyU+svgFZUnCbxjl8ERxXtdrjdGiynzSpghd1J":{"registrationId":937368726,"currentRatchet":{"ephemeralKeyPair":{"pubKey":"BQ8kAfyr+mnd2rfk0baP03R2jGTF15l1sj5Xff88p4JQ","privKey":"+Hd3rlWZFp9DhuJbCGn/NZKI43HfPVvwNcqzeDpIRmo="},"lastRemoteEphemeralKey":"BWa6kKerLWUGfaiNI0corhgSNie8vMZUeouWguDTZBdd","previousCounter":0,"rootKey":"g7SdAo/AWt/L1PW5C3Ty7DulOKE5k1A60YT0O1TyUO0="},"indexInfo":{"baseKey":"Ba/8HkWyU+svgFZUnCbxjl8ERxXtdrjdGiynzSpghd1J","baseKeyType":1,"closed":-1,"used":1746105094212,"created":1746105094212,"remoteIdentityKey":"BbM/tMxYg79zlz9ALt3g5n8QQfjgu9wVsaCWAnmvQyMY"},"_chains":{"BQ8kAfyr+mnd2rfk0baP03R2jGTF15l1sj5Xff88p4JQ":{"chainKey":{"counter":0,"key":"4DKcPWu5sQFG+OlwhmiNFdYieLzrC3xuC70TP6pJze0="},"chainType":1,"messageKeys":{}}},"pendingPreKey":{"signedKeyId":5,"baseKey":"Ba/8HkWyU+svgFZUnCbxjl8ERxXtdrjdGiynzSpghd1J","preKeyId":6235336}}},"version":"v1"}