{"_sessions":{"BUjmVdT3dzdP7GPZvtVtNvdF8l3Vx+OB2fLF8U3wyNlW":{"registrationId":1369215745,"currentRatchet":{"ephemeralKeyPair":{"pubKey":"BTjIC05uDPwhPxfOd8ZA97nsQHOqZMWxuDsZ2oPbcWVp","privKey":"aGh3Hakq32nmECUPCz+i9weoJuetverq9Yt6/Hk+HXI="},"lastRemoteEphemeralKey":"BUkkZ7fXuOBKxEE6gtZ9k1kENCgR4HHcBPq81DqNDJE6","previousCounter":2,"rootKey":"4e5W0HVhA8WBCSwHhi2nta93gxw4IFr0YA9k9pOsDbU="},"indexInfo":{"baseKey":"BUjmVdT3dzdP7GPZvtVtNvdF8l3Vx+OB2fLF8U3wyNlW","baseKeyType":2,"closed":-1,"used":1746089144839,"created":1746087403137,"remoteIdentityKey":"BWnqSSNPOQMA1UAyJD+D2crZGr4Gi3jnE4JShALwTk5Z"},"_chains":{"BeHVnRXuviUQvpdsUilbO1n4AFMJlZlR2n/lg/oFMRlv":{"chainKey":{"counter":1},"chainType":2,"messageKeys":{}},"BdepkMyzxg+DoaFC/ZuyqwS1d1KXO8st1XefGcHo1h5T":{"chainKey":{"counter":0},"chainType":2,"messageKeys":{}},"BaO+LWcYb5/C0wICBOUz530OVGCpLUJrd5SzMvnFoHk1":{"chainKey":{"counter":1},"chainType":2,"messageKeys":{}},"Bc+XyAnYl653ljVD+sLZKM4kgKcu46apb1KUbQ8e5wVf":{"chainKey":{"counter":1},"chainType":2,"messageKeys":{}},"BS03wb9nJRrx65xCPJd6iRc016OVy0E4QKbnUy6Agxhd":{"chainKey":{"counter":1},"chainType":2,"messageKeys":{}},"BZoHWyzT0bsxngcVft1Gp7mVT8WNhIBF3/a7e+/CU/57":{"chainKey":{"counter":1},"chainType":2,"messageKeys":{}},"Bblk9nSnTiYSBcYTBlWHpaav04pkSoDv87UqLoz6J6lK":{"chainKey":{"counter":2},"chainType":2,"messageKeys":{}},"BVrC6w0JwPjayupR4056pCjcbFWG63OPFiCyVvl7sn8V":{"chainKey":{"counter":0},"chainType":2,"messageKeys":{}},"BbA/PttpJN92mPK4eVIVVhUtSLAxgHuhgmofdghzWLlb":{"chainKey":{"counter":0},"chainType":2,"messageKeys":{}},"BSBJVbvNCMJulc3FmiiRVv1L7JZaT4qxQSssTLpaQMYu":{"chainKey":{"counter":0},"chainType":2,"messageKeys":{}},"BZehV3m3yKs0a5N7YBCzaIb4yqx1gE9ubcoTadCaXSYS":{"chainKey":{"counter":1},"chainType":2,"messageKeys":{}},"BS3fRH3ZCr6ReGSP2hO8+CGdWGhyRbjmG0SfHfRJtjF5":{"chainKey":{"counter":0},"chainType":2,"messageKeys":{}},"BcarsJ34ps2xwQqb3gZ8DZ5opUkD/z/EAIkBPLzxqF4C":{"chainKey":{"counter":2},"chainType":2,"messageKeys":{}},"BbzwVOoVqxqilA22ShMSTC+s8SqyoqIcfzcrx2zrjHcC":{"chainKey":{"counter":0},"chainType":2,"messageKeys":{}},"BXvutH7v5SiYDtg523c0Dj7MDOLmep/oeHDzbDXMi3tB":{"chainKey":{"counter":4},"chainType":2,"messageKeys":{}},"BYO6gi3fZAiZ78i/VH3lLxB4Umfy7yUCWOXVqw5D6eIv":{"chainKey":{"counter":0},"chainType":2,"messageKeys":{}},"BT3h+VmP4OecfFR2FPaVgbji1IwcsNji47ZGwmuxnDsz":{"chainKey":{"counter":0},"chainType":2,"messageKeys":{}},"BcGf1rMOdguWrNtyTFqdr5zSsNr4epqEBhyBM1ZhIyRH":{"chainKey":{"counter":0},"chainType":2,"messageKeys":{}},"Bd9Ks2EflUJyw5kh+o1NYOdRFkD5GL0p1eMFUneb2CZF":{"chainKey":{"counter":1},"chainType":2,"messageKeys":{}},"BfCTVO6lBymX9Hd9C3UkeMe6P2OsPirhORSck37VVYYQ":{"chainKey":{"counter":0},"chainType":2,"messageKeys":{}},"Bc0kqqckemrcT2F2zMJ+CgnYenFDBU1+XD0gjhRBR9ws":{"chainKey":{"counter":0},"chainType":2,"messageKeys":{}},"BfnnCBSUW/eX5taNdIsIkE+5ueVmq173LHDlNVEk7m9k":{"chainKey":{"counter":1},"chainType":2,"messageKeys":{"1":"TrdhxeY5wuStuDU/NyZXfAiOjynYqcVnSg5KU1YrLeE="}},"BWUaLRVOeMzTkmGAfktQdtSO41veKLGoj8dbBjiTZ6VV":{"chainKey":{"counter":2},"chainType":2,"messageKeys":{"1":"IZHc8LnPKvQbpaAmziSNikSL9GwcqSEq0FH7XIpyRaE=","2":"itCVuRmmFabjS8TSdiCD89jz0TByPjyDYj9WXfquNCw="}},"BUkkZ7fXuOBKxEE6gtZ9k1kENCgR4HHcBPq81DqNDJE6":{"chainKey":{"counter":1,"key":"rn9VmqMSZISO3sG1NUhqjhxThCkMC1/NSLEUJUv79ws="},"chainType":2,"messageKeys":{}},"BTjIC05uDPwhPxfOd8ZA97nsQHOqZMWxuDsZ2oPbcWVp":{"chainKey":{"counter":5,"key":"CiHR/FiDXYEHB9oO23Mjx+7u7mH+rqGj2SUDAFOkMDk="},"chainType":1,"messageKeys":{}}}}},"version":"v1"}