{"_sessions":{"BYQkEY+N1GNr1DQtdZvjSVeR85CunLXkrt9r+vcz1OI8":{"registrationId":1023125021,"currentRatchet":{"ephemeralKeyPair":{"pubKey":"BbXO4pF4TK1A7WSettTiarq2GOXScM4sE39rjkcP6o95","privKey":"OMrSZC1ohSIhhkw78y0e/rVC7gZ5B/J/H5wFqjjcfWI="},"lastRemoteEphemeralKey":"Beub/FbX44hvXl5SaDxAx9oK6jTBpf05EnacaUTzTgVI","previousCounter":0,"rootKey":"oVw8G1tjF30K8AqNG0gHQOahaz+tnIu1D5ilLDZkSDc="},"indexInfo":{"baseKey":"BYQkEY+N1GNr1DQtdZvjSVeR85CunLXkrt9r+vcz1OI8","baseKeyType":1,"closed":-1,"used":1746085499163,"created":1746085499163,"remoteIdentityKey":"BSxSokIkCqBghe8sBwGvopF0mve2KxxWt8oiWwkKgiR/"},"_chains":{"BbXO4pF4TK1A7WSettTiarq2GOXScM4sE39rjkcP6o95":{"chainKey":{"counter":7,"key":"Vmcd2FCGVFqutwrCu2K5DKS3w5AXzducd1ldqyvt0YQ="},"chainType":1,"messageKeys":{}}},"pendingPreKey":{"signedKeyId":5,"baseKey":"BYQkEY+N1GNr1DQtdZvjSVeR85CunLXkrt9r+vcz1OI8","preKeyId":10209481}}},"version":"v1"}