{"_sessions":{"BYT9/mKJtGuTwo0RUe1ZuyN3tcBqbIontpL4MDW6Ykxk":{"registrationId":964000299,"currentRatchet":{"ephemeralKeyPair":{"pubKey":"BWSZ9GAlvy5BbMwS6Dyqf9lO3AKpJZ0tgdzvpSP031g3","privKey":"MDy9kut37waFUXpsrC6If9iZo7QjvELKa+u967u0XVk="},"lastRemoteEphemeralKey":"BbUGTtJANYiIWpt5JO7wUgQkoJRqtoowJQESr3ulYDQI","previousCounter":0,"rootKey":"AKGc4ZPewWkqB9UZIa6Ypy8nMsCEh4pSOf6vRam0xB0="},"indexInfo":{"baseKey":"BYT9/mKJtGuTwo0RUe1ZuyN3tcBqbIontpL4MDW6Ykxk","baseKeyType":2,"closed":-1,"used":1746104190292,"created":1746104190292,"remoteIdentityKey":"Ba61YtcFLFEiqoehaQUvAbIOqFmIM6gbNSUX7V22isoA"},"_chains":{"BbUGTtJANYiIWpt5JO7wUgQkoJRqtoowJQESr3ulYDQI":{"chainKey":{"counter":0,"key":"4ppUDxHxBj3Eo93MFUxU79RKbArYL1Blg62TG8AQmNc="},"chainType":2,"messageKeys":{}},"BWSZ9GAlvy5BbMwS6Dyqf9lO3AKpJZ0tgdzvpSP031g3":{"chainKey":{"counter":-1,"key":"FwhsMwQiV1iozoVbFp4KNfQRnOI3Dv58rb+VrLMPZSk="},"chainType":1,"messageKeys":{}}}}},"version":"v1"}