{"_sessions":{"BeTtS26gKJpTv5HKqu6xYF0dLR47uGnHZ3EcaZfBU/M0":{"registrationId":1205949210,"currentRatchet":{"ephemeralKeyPair":{"pubKey":"BRVurpK/zb4ZWyec8fVDpwNx0Etq9DU0WxPPLIBE171b","privKey":"+GDHThJQKt6qJlVEhIdXy++0E7ZNl9NaRuwwsa5jwns="},"lastRemoteEphemeralKey":"BZ3ni/amNr6+SaH4hlwtD2sPAclm+DqjxnThMf2PFxRj","previousCounter":0,"rootKey":"1fhaamStmLSSfI7MyqGg6ETcRaDF0w95xx267MarH0I="},"indexInfo":{"baseKey":"BeTtS26gKJpTv5HKqu6xYF0dLR47uGnHZ3EcaZfBU/M0","baseKeyType":1,"closed":-1,"used":1746110362496,"created":1746110362496,"remoteIdentityKey":"BTiUTytAfcN/WE0Gorm/ln59vw4jRTMK8sS0b7lFJ8kV"},"_chains":{"BRVurpK/zb4ZWyec8fVDpwNx0Etq9DU0WxPPLIBE171b":{"chainKey":{"counter":2,"key":"FlK5Cao95NdeUNQ8dtQqMkYXTyWhEZUnddrGCB+CZIM="},"chainType":1,"messageKeys":{}}},"pendingPreKey":{"signedKeyId":15,"baseKey":"BeTtS26gKJpTv5HKqu6xYF0dLR47uGnHZ3EcaZfBU/M0","preKeyId":6826322}}},"version":"v1"}