{"_sessions":{"Bd3V86HzHGfZHcxdRDDcN+IDu1DMKIpmjcNm6i58kbpV":{"registrationId":1156864989,"currentRatchet":{"ephemeralKeyPair":{"pubKey":"BTkj51SKjyal2ZaV72+hWkvzvHANsL8EXhO8oSx1DFFh","privKey":"+DDY6iIClqlqs4STR1NMSDKdGvmwOAF5ELlgK2+EQ2I="},"lastRemoteEphemeralKey":"BQzG8WuHfI9dm/i3BWa3PXDMMQzG8Gi6Vwv7S8ZRDg9J","previousCounter":0,"rootKey":"OPA8GPDMi+LlgtVd73RgF5AxsYnJCtE1ZpfW5qSjw30="},"indexInfo":{"baseKey":"Bd3V86HzHGfZHcxdRDDcN+IDu1DMKIpmjcNm6i58kbpV","baseKeyType":1,"closed":-1,"used":1746087840321,"created":1746085499031,"remoteIdentityKey":"BRp7pg55p8pc9m0i4dpHNiHtQG8KnFYqnTBkBE41gRJq"},"_chains":{"BQzG8WuHfI9dm/i3BWa3PXDMMQzG8Gi6Vwv7S8ZRDg9J":{"chainKey":{"counter":1,"key":"j87MHt8DZF0Tplt5B8htK2cpZA0w37WObylV3aTyQcU="},"chainType":2,"messageKeys":{}},"BTkj51SKjyal2ZaV72+hWkvzvHANsL8EXhO8oSx1DFFh":{"chainKey":{"counter":6,"key":"OrNzzEA7kouDrpvGxublT3xstgIaFziJb9Vtk/H6fLY="},"chainType":1,"messageKeys":{}}}}},"version":"v1"}