{"_sessions":{"BX5KnMSqOcqyivLYgau/6JWfRdgJjPcBjPzJI512zso1":{"registrationId":227672845,"currentRatchet":{"ephemeralKeyPair":{"pubKey":"BXQqqYdUa2FhJaYvFBskSoSU7QZSDQ7B2dTTeGHQbOZw","privKey":"OJ/PUwefRpgN00a6QIwEya8DCpAgcWbbAyAMiYzI3Gg="},"lastRemoteEphemeralKey":"BU2zegMtYoCiH7poSymoE14nma6SP9jCJYxnY3P/+8ky","previousCounter":0,"rootKey":"7ycWArarTGWhpynn8CSoVAvLUS5zD9cH5oZp/pDv+zY="},"indexInfo":{"baseKey":"BX5KnMSqOcqyivLYgau/6JWfRdgJjPcBjPzJI512zso1","baseKeyType":1,"closed":-1,"used":1746085499118,"created":1746085499118,"remoteIdentityKey":"BfsKojH1AR31sxpaIp4kiPbEVcqXSoGwM5Dm5yqL648c"},"_chains":{"BXQqqYdUa2FhJaYvFBskSoSU7QZSDQ7B2dTTeGHQbOZw":{"chainKey":{"counter":7,"key":"Cob6TySTiWZQtH8YUBjMBJyfR9RGUSW54hnRhB3VhTM="},"chainType":1,"messageKeys":{}}},"pendingPreKey":{"signedKeyId":0,"baseKey":"BX5KnMSqOcqyivLYgau/6JWfRdgJjPcBjPzJI512zso1","preKeyId":5206701}}},"version":"v1"}