{"_sessions":{"BfqgFO7A/i7c5Pz3LWWhO8HNnmojPh8dbLUgEKr9vtRf":{"registrationId":7903,"currentRatchet":{"ephemeralKeyPair":{"pubKey":"BZ9wxzwsGmBe3GZ8T+pUKLufw0tlrqS7pVR9faajHA4m","privKey":"OGwWHb0epakVhAq9FHV98WdQ/ra9JP1oib8ts2kqOFE="},"lastRemoteEphemeralKey":"BWrxGfcsCMeyt1fs1J8352ITQ5mJRi5ZO4zYKPBpmz4I","previousCounter":0,"rootKey":"OedfRkrdRqmwCSFauaPco9nIs4iNGbBhzRgtWupXcR4="},"indexInfo":{"baseKey":"BfqgFO7A/i7c5Pz3LWWhO8HNnmojPh8dbLUgEKr9vtRf","baseKeyType":1,"closed":-1,"used":1746110362307,"created":1746110362307,"remoteIdentityKey":"BaAQqVPpWPuMVuGM5/DoSkG6uYIT/rHYXZxMmgaXs2M9"},"_chains":{"BZ9wxzwsGmBe3GZ8T+pUKLufw0tlrqS7pVR9faajHA4m":{"chainKey":{"counter":2,"key":"HyNHEVNT9fCD3kbdUNSo2Q+u1oA5r6zHJcpoSvtuCXQ="},"chainType":1,"messageKeys":{}}},"pendingPreKey":{"signedKeyId":1,"baseKey":"BfqgFO7A/i7c5Pz3LWWhO8HNnmojPh8dbLUgEKr9vtRf","preKeyId":5010}}},"version":"v1"}