{"_sessions":{"BRYQ3ukeP7YK58P3uEVdGjFoBlpMr54CCdfcCX6k+3ID":{"registrationId":780122984,"currentRatchet":{"ephemeralKeyPair":{"pubKey":"BU7AhrkhE8K2LEgtDLzXv90ku68hM8uWLwiu77A9RPoR","privKey":"kI924MKVIDCE5JyCYKBcVF557gabdNwMBSGD1wKHOVM="},"lastRemoteEphemeralKey":"BZ/NcGKAur6UyPQ5LarAh1O2+dre+f9TDOuYrcg7t+R4","previousCounter":0,"rootKey":"UIQyjM2XVBIOG2vjp2D8p00ErbuHCmPQOeM7umuBf0o="},"indexInfo":{"baseKey":"BRYQ3ukeP7YK58P3uEVdGjFoBlpMr54CCdfcCX6k+3ID","baseKeyType":1,"closed":-1,"used":1746085499019,"created":1746085499019,"remoteIdentityKey":"BX5hVx8+3VfX2SlbKr137YaJYWq002A5pEy5VVegYmwK"},"_chains":{"BU7AhrkhE8K2LEgtDLzXv90ku68hM8uWLwiu77A9RPoR":{"chainKey":{"counter":7,"key":"ukXC2fC4YinFbW8OclDKPTPBFWjNoaB9VOStgzVJ8lk="},"chainType":1,"messageKeys":{}}},"pendingPreKey":{"signedKeyId":4,"baseKey":"BRYQ3ukeP7YK58P3uEVdGjFoBlpMr54CCdfcCX6k+3ID","preKeyId":14413582}}},"version":"v1"}