{"_sessions":{"Bdul2DhHWo0AOJkUOt9+va45+b7O46ZN1k4jmUNYq61L":{"registrationId":1766054277,"currentRatchet":{"ephemeralKeyPair":{"pubKey":"BTTIdWlzINF7FeZU4UQKJZMFtZQknJeAO/gI5J7HQ5NY","privKey":"GHDdqTCnq9x+0woaCpMVJhGxOfReSYHTldZJN3DVElo="},"lastRemoteEphemeralKey":"BcPt+2qF05dGomKGupuLBJJL9o+ToulRF8i/AhvwQTYB","previousCounter":0,"rootKey":"q5XRnNFM8iHon7vE3dLc0WOPMUf+35lIu1hfjepiJCs="},"indexInfo":{"baseKey":"Bdul2DhHWo0AOJkUOt9+va45+b7O46ZN1k4jmUNYq61L","baseKeyType":1,"closed":-1,"used":1746081127171,"created":1746081127171,"remoteIdentityKey":"BVe6+S4idPHvCm3qJ9kXAB+qunLKLDdgl70BLcHCb+8W"},"_chains":{"BTTIdWlzINF7FeZU4UQKJZMFtZQknJeAO/gI5J7HQ5NY":{"chainKey":{"counter":0,"key":"0hQ2EY+aLmp1AJ1LURh9YpLzRSlgYegC38kDVXrNvIk="},"chainType":1,"messageKeys":{}}},"pendingPreKey":{"signedKeyId":2,"baseKey":"Bdul2DhHWo0AOJkUOt9+va45+b7O46ZN1k4jmUNYq61L","preKeyId":3567339}}},"version":"v1"}