{"_sessions":{"Ba3xSpvuuAIPTea+sVn3LptIEHl1uDdJx1OSvRUf3noR":{"registrationId":811494469,"currentRatchet":{"ephemeralKeyPair":{"pubKey":"BXK0Qqpu0YDxhsUKeCV0lrvAJWTMBTEmr1KYWUznCP0y","privKey":"0IOKf1f44u3bYJlirlyZ3mANloq+puNcraK7PggghnU="},"lastRemoteEphemeralKey":"BXCTGAHESVWM3EsSndncrjebB80Kfz+Ar/cIQlAoArZ8","previousCounter":0,"rootKey":"pvLPhzJT1WaefiRrzwYixT0cj+C6LZzopAH9PgX5YfQ="},"indexInfo":{"baseKey":"Ba3xSpvuuAIPTea+sVn3LptIEHl1uDdJx1OSvRUf3noR","baseKeyType":1,"closed":-1,"used":1746087839301,"created":1746085499060,"remoteIdentityKey":"BeDtgCsO/Fv6fi+ViD/kwTf8vB5KfhtKWaFU6DNgbiti"},"_chains":{"BXCTGAHESVWM3EsSndncrjebB80Kfz+Ar/cIQlAoArZ8":{"chainKey":{"counter":1,"key":"f+LDXnrwklKSuk8nUupqa4LxdwnMzbSJepxYLaK/S5Q="},"chainType":2,"messageKeys":{}},"BXK0Qqpu0YDxhsUKeCV0lrvAJWTMBTEmr1KYWUznCP0y":{"chainKey":{"counter":6,"key":"9BZEjAXhJl9hbl8fQg0Vs6f73xZflVqxT6W5/xLjSsE="},"chainType":1,"messageKeys":{}}}}},"version":"v1"}