{"_sessions":{"BcJqVK9yWKwVW2H5WPWYffMg94lgExGtcUSLh2KNcmhf":{"registrationId":908829665,"currentRatchet":{"ephemeralKeyPair":{"pubKey":"Bf03LMGf0cWbZ2uzEkhA+4UhvXOphvV33YRoZ7L6EttT","privKey":"2DFP9wS+yfsbUyDiKR5rhslKQ18J0SBkN32uQgQadnM="},"lastRemoteEphemeralKey":"BXCJT3lCAm8/z7SEWgkMCHA/cuiHb4iOIvsXSM9xR0Rk","previousCounter":0,"rootKey":"N680s2ZM/KEcAWfzjRfSI4Ra/Fq4mBLs7iUugo9YDsE="},"indexInfo":{"baseKey":"BcJqVK9yWKwVW2H5WPWYffMg94lgExGtcUSLh2KNcmhf","baseKeyType":1,"closed":-1,"used":1746105094141,"created":1746105094141,"remoteIdentityKey":"BctJUOrDhw+tlIdh0++vN2A9yuTtf40H+rYEB5zy7Shy"},"_chains":{"Bf03LMGf0cWbZ2uzEkhA+4UhvXOphvV33YRoZ7L6EttT":{"chainKey":{"counter":0,"key":"dDjLsNtavnWddh3ThSUhIPeCF+kM4eYEB9VtwiNFn0c="},"chainType":1,"messageKeys":{}}},"pendingPreKey":{"signedKeyId":8,"baseKey":"BcJqVK9yWKwVW2H5WPWYffMg94lgExGtcUSLh2KNcmhf","preKeyId":9089462}}},"version":"v1"}