{"_sessions":{"BQ64e8FjKBhNn6SJatvoXtEGWwpthLHIkp443uoTTuxB":{"registrationId":2141405008,"currentRatchet":{"ephemeralKeyPair":{"pubKey":"Bf/2aJOOLID74E7+L9n+GKYOUUhNG3HiZi5shDbWqksS","privKey":"8H66y+cgGfJs8x7ln0X7V0WImAp1Lz/WopKTCwyOGEA="},"lastRemoteEphemeralKey":"BRnF0pcQyevmangGsdEbJYHbmCadYjA6XqPSN/M3et4R","previousCounter":0,"rootKey":"Sae9pc5PVilDx6LPTmDyZunKW13hmW2dAstHUbzIHNQ="},"indexInfo":{"baseKey":"BQ64e8FjKBhNn6SJatvoXtEGWwpthLHIkp443uoTTuxB","baseKeyType":1,"closed":-1,"used":1746105118661,"created":1746104067828,"remoteIdentityKey":"BekGYEA3lIp5xbAcrjQalcBI9cP8SDo2KTArLMNurCVb"},"_chains":{"BRnF0pcQyevmangGsdEbJYHbmCadYjA6XqPSN/M3et4R":{"chainKey":{"counter":0,"key":"Gwv68QtohgybDJOugfe3kfYy7+efcm2UytFcEDMYMQk="},"chainType":2,"messageKeys":{}},"Bf/2aJOOLID74E7+L9n+GKYOUUhNG3HiZi5shDbWqksS":{"chainKey":{"counter":-1,"key":"IjOi9h6gESfvrk9fSWrw35+KbDNiwgDWZGHQl6ofN/k="},"chainType":1,"messageKeys":{}}}}},"version":"v1"}