{"_sessions":{"BQ/sqM7Ji7wYqRuq8kxsl9sJ8SoRn6yhB58DTocoePQR":{"registrationId":912564250,"currentRatchet":{"ephemeralKeyPair":{"pubKey":"BQp49sZPqmSf6XPQ4Vwr0/aaJpg+y1zSAYqEE4Nsecsp","privKey":"GK6KPxkov8NWbl/k8sAjIRcJJKaexTgEIjQAOBh4W0Q="},"lastRemoteEphemeralKey":"BcKYN1qkko+/jeJ5rcPNYMmytkdZG8urT6xEYERpAVwk","previousCounter":0,"rootKey":"zintF2YSf1Nkubg/cWWXATL7Su/IXYA1lNj8NiDSxQw="},"indexInfo":{"baseKey":"BQ/sqM7Ji7wYqRuq8kxsl9sJ8SoRn6yhB58DTocoePQR","baseKeyType":1,"closed":-1,"used":1746109837914,"created":1746109837914,"remoteIdentityKey":"BSon4bsLtyhQdB80VRkAYIrFOfHk0cnSsfXk2fTHbHQV"},"_chains":{"BQp49sZPqmSf6XPQ4Vwr0/aaJpg+y1zSAYqEE4Nsecsp":{"chainKey":{"counter":0,"key":"bA9jQP1iOaYIwN48E3Pr8B3TPaOPJA0YsZsD/rkfsm8="},"chainType":1,"messageKeys":{}}},"pendingPreKey":{"signedKeyId":3,"baseKey":"BQ/sqM7Ji7wYqRuq8kxsl9sJ8SoRn6yhB58DTocoePQR","preKeyId":10556290}}},"version":"v1"}