{"_sessions":{"BRaYK4t0QWSK3zrbyi1IDkamvnC1PN8RHHzouvbkKuFI":{"registrationId":2127000047,"currentRatchet":{"ephemeralKeyPair":{"pubKey":"BbfIcq+9z5ZPA9to7n2kw0SHI+ETWxV3Tk9tcU8ksixI","privKey":"MNMUb99Uliqy8Rr2xaLNx4wDGsW0y7L0OwMDl8YRBnU="},"lastRemoteEphemeralKey":"BTsaOdidFEwDn/IGIQIv/kL2/J9EJO+BuiKcWWSpVnp2","previousCounter":0,"rootKey":"QU0spMb1X4JhQH0UMILOMZorfQHOwlciA5I+3vYu3Tg="},"indexInfo":{"baseKey":"BRaYK4t0QWSK3zrbyi1IDkamvnC1PN8RHHzouvbkKuFI","baseKeyType":1,"closed":-1,"used":1746110362411,"created":1746110362411,"remoteIdentityKey":"BVmZQgEQuVO9qZft5zcIQFcXd30Mc2uAjJms2qRqowtG"},"_chains":{"BbfIcq+9z5ZPA9to7n2kw0SHI+ETWxV3Tk9tcU8ksixI":{"chainKey":{"counter":2,"key":"wDinOEgXzBMdg4v/rbdJGn1YlW8OmjMREj174I80vSg="},"chainType":1,"messageKeys":{}}},"pendingPreKey":{"signedKeyId":61,"baseKey":"BRaYK4t0QWSK3zrbyi1IDkamvnC1PN8RHHzouvbkKuFI","preKeyId":14237951}}},"version":"v1"}