{"_sessions":{"BVkWj9PzFfuJppOwT1G7a4GDl3CPZErsieAnR1/MSY48":{"registrationId":564978249,"currentRatchet":{"ephemeralKeyPair":{"pubKey":"Bd14TL5pNsQna84tW7Ts/dELBdCrv5KKpOkFqll4CdwD","privKey":"uMJ+8Tlfd+Xbn6oCFKPkSYOrvdOS3NSRHuBtEn2ZJ1M="},"lastRemoteEphemeralKey":"BSQL6ZMhBvulZz7xFfWe90nNdL+zdu0jYs/e1NotwNNI","previousCounter":0,"rootKey":"CfhOjPnp5xnUoK2O8JZ2LPNUO0sOL0IGGle295qCsB0="},"indexInfo":{"baseKey":"BVkWj9PzFfuJppOwT1G7a4GDl3CPZErsieAnR1/MSY48","baseKeyType":1,"closed":-1,"used":1746109837925,"created":1746109837925,"remoteIdentityKey":"Bbsg/ryQqNR8qwF1RZ0Sv6KgsOGeDUZkebLDNWOmGZsD"},"_chains":{"Bd14TL5pNsQna84tW7Ts/dELBdCrv5KKpOkFqll4CdwD":{"chainKey":{"counter":0,"key":"PpSxX/rKPqHa+8pm8a+5hkosJuWUta1uw9DVUbxIw28="},"chainType":1,"messageKeys":{}}},"pendingPreKey":{"signedKeyId":13,"baseKey":"BVkWj9PzFfuJppOwT1G7a4GDl3CPZErsieAnR1/MSY48"}}},"version":"v1"}