{"_sessions":{"BTTewWdxX5W2Up0fOI43vVcOi1QNamUFSqwMPJw/oME/":{"registrationId":1444545615,"currentRatchet":{"ephemeralKeyPair":{"pubKey":"BS7EwNJxlyK1quEkTbtYoX5aW27m7HlZNbZEE55m2p0g","privKey":"KN1a++tJ8TLtqRilOHyTo02/LOALiWmxMu8zCP7ghlo="},"lastRemoteEphemeralKey":"BS9mwrgMVIgmVNzzLhl24belrFiKgBxBWhWvbKRwbtpi","previousCounter":0,"rootKey":"tCRpr3hL3qtZXsX7EGrsuVyHFF+AltnL9bpsctS5CeQ="},"indexInfo":{"baseKey":"BTTewWdxX5W2Up0fOI43vVcOi1QNamUFSqwMPJw/oME/","baseKeyType":1,"closed":-1,"used":1746085499023,"created":1746085499023,"remoteIdentityKey":"BQhhxd8BfFtXfovJe9ij37dNsrTZd3vBfB/lLpz8UhI8"},"_chains":{"BS7EwNJxlyK1quEkTbtYoX5aW27m7HlZNbZEE55m2p0g":{"chainKey":{"counter":7,"key":"pRedwpIcWwX9cLkhX3JN7t/+yhV6+s6QOY3JvWxYbWo="},"chainType":1,"messageKeys":{}}},"pendingPreKey":{"signedKeyId":6,"baseKey":"BTTewWdxX5W2Up0fOI43vVcOi1QNamUFSqwMPJw/oME/","preKeyId":2968931}}},"version":"v1"}