{"_sessions":{"BZyePSvJw7+yFiJzaHYQ2bNGu134IhyCEO8NuhUpfAdd":{"registrationId":1775483982,"currentRatchet":{"ephemeralKeyPair":{"pubKey":"BUmQp+2poe+k8jhihEeQGM0mk9u3jL0ESxyZBCjsg2pn","privKey":"sJmxHJvHVzup8wWTV1RhrsGwTPGV1XmJ2h3GX9EBJ0A="},"lastRemoteEphemeralKey":"BUpfL5SOHQQh7MlT6zg9RZ/B0BGJBC1VkgYzVRWa7klp","previousCounter":0,"rootKey":"mv7ekzYnMcmxiBSFn++mykMbcudqYfBTme1GDOd2Xz8="},"indexInfo":{"baseKey":"BZyePSvJw7+yFiJzaHYQ2bNGu134IhyCEO8NuhUpfAdd","baseKeyType":1,"closed":-1,"used":1746110362391,"created":1746110362391,"remoteIdentityKey":"BZOYuKKFuHjXC3mtXo3uFa3QCRD3gkKTNnCP19SGKmBp"},"_chains":{"BUmQp+2poe+k8jhihEeQGM0mk9u3jL0ESxyZBCjsg2pn":{"chainKey":{"counter":2,"key":"S3OjO01V4hpqEZQtqx0cG8Hu3Jv5YH+Wcb5TI354N3w="},"chainType":1,"messageKeys":{}}},"pendingPreKey":{"signedKeyId":0,"baseKey":"BZyePSvJw7+yFiJzaHYQ2bNGu134IhyCEO8NuhUpfAdd","preKeyId":11748288}}},"version":"v1"}