{"_sessions":{"BUGm6y/vfVscKahpLlwVGpJYxNYDqCfZGbZ0SYcBMLVN":{"registrationId":1158987920,"currentRatchet":{"ephemeralKeyPair":{"pubKey":"BRdDOJ7Rd8lJVHOaZZzyAV42V4aga7icYKT+NTaeYjlG","privKey":"qLq4WLmePGv8cq62BNK0xluTEY9CjEPnoQS+r2IZXVI="},"lastRemoteEphemeralKey":"BXxtzdqKvgkuQKbYQ46wVjIyTtij+/Fd8yz++glmhRdp","previousCounter":0,"rootKey":"5Qd220o0dUKf7lz1CerQ2pcVsgKRbdnllZ1RVGoVieM="},"indexInfo":{"baseKey":"BUGm6y/vfVscKahpLlwVGpJYxNYDqCfZGbZ0SYcBMLVN","baseKeyType":1,"closed":-1,"used":1746087841001,"created":1746085499148,"remoteIdentityKey":"BaxvR8kDac6shgjwOakLQcTrLvtY8lewp09asYM7zMYI"},"_chains":{"BXxtzdqKvgkuQKbYQ46wVjIyTtij+/Fd8yz++glmhRdp":{"chainKey":{"counter":1,"key":"sFsFkY/I25xLN0DnkfVFCVgQolw0niXYieHiPj4Ifcs="},"chainType":2,"messageKeys":{}},"BRdDOJ7Rd8lJVHOaZZzyAV42V4aga7icYKT+NTaeYjlG":{"chainKey":{"counter":6,"key":"Vgta7tlDQ3v2JtR2MdOXUyMbKCct7nOxI8bD0A+Cw98="},"chainType":1,"messageKeys":{}}}}},"version":"v1"}