{"_sessions":{"Bby002+wCvhmaFSDhfx7d6DSXoacDk7VFj+KC/EsKnQm":{"registrationId":1457627,"currentRatchet":{"ephemeralKeyPair":{"pubKey":"BVkf9ATe8V+ceaq6WASJPaBzLczwFqrnG599m43mLt4y","privKey":"KFFlmC5P7kfmNRApvctcC2As6AM2MsW12cNelSzv3Ho="},"lastRemoteEphemeralKey":"BZ1chaL2PZvr/yUYNHLkqG6zMLbhQkSW+7jRwwVvbmcp","previousCounter":0,"rootKey":"m0sgJZ2v4TZ4ITZZqP7kiGmqyHS033+71NSOYKY5ZGc="},"indexInfo":{"baseKey":"Bby002+wCvhmaFSDhfx7d6DSXoacDk7VFj+KC/EsKnQm","baseKeyType":1,"closed":-1,"used":1746105094158,"created":1746105094158,"remoteIdentityKey":"BQcRxaH8Q2T09CkBDutbeIGpcC3G1rzvP1TxvhlLQaUY"},"_chains":{"BVkf9ATe8V+ceaq6WASJPaBzLczwFqrnG599m43mLt4y":{"chainKey":{"counter":0,"key":"rK6LOGh2ow/4xRmmcJv8ITaVla4wc4YHt3lxzuktEOU="},"chainType":1,"messageKeys":{}}},"pendingPreKey":{"signedKeyId":13,"baseKey":"Bby002+wCvhmaFSDhfx7d6DSXoacDk7VFj+KC/EsKnQm","preKeyId":13866816}}},"version":"v1"}