{"_sessions":{"BX6j0F1Xl4HE2TAsaT4zRz0etafGYnCLzrGjPcm+QMhz":{"registrationId":308401167,"currentRatchet":{"ephemeralKeyPair":{"pubKey":"BTXFX3ana6dgPZ1M73HQn/VZdw7M+Z8cT9cm9+3gnxJU","privKey":"EBHuEa3KeArTEaWAZRcPz2Stu3/OqeLw44oEu0YKLmM="},"lastRemoteEphemeralKey":"BSwB28i4R8SgqI7XV4PfOUgSF7VZgiOciLjpFKSixP5A","previousCounter":0,"rootKey":"dl+B1+dpNbBJyIsjCP0vuy0tJIUcrpm7zd2Bx3Lyarw="},"indexInfo":{"baseKey":"BX6j0F1Xl4HE2TAsaT4zRz0etafGYnCLzrGjPcm+QMhz","baseKeyType":1,"closed":-1,"used":1746072300831,"created":1746072300831,"remoteIdentityKey":"BQGVpEWvsjVF8N68c3yZFOcGrZx21i9V+CqvDpcyINhM"},"_chains":{"BTXFX3ana6dgPZ1M73HQn/VZdw7M+Z8cT9cm9+3gnxJU":{"chainKey":{"counter":1,"key":"M0eFoDd2vAdeiV86Wg/tpocMhCAeNirFIJxZarFLJNE="},"chainType":1,"messageKeys":{}}},"pendingPreKey":{"signedKeyId":2209580,"baseKey":"BX6j0F1Xl4HE2TAsaT4zRz0etafGYnCLzrGjPcm+QMhz","preKeyId":593}}},"version":"v1"}