{"_sessions":{"BUZG0ubgM3ONNXTOnFRX+3ijX0E3MKvv0KmAFSuE8XJ8":{"registrationId":1272644205,"currentRatchet":{"ephemeralKeyPair":{"pubKey":"BSs9NCwjtKvxAUIRWzTawPfJWLfidJvp9u7MI+kKfqxW","privKey":"YMTZoK1iZqriFOoF/7qndL9A0DRKGswC1qw75eivUns="},"lastRemoteEphemeralKey":"BR5CJ3TGpJcEvNVpUB5RopbCSsEFEOSZqVo1U/sDB+k/","previousCounter":0,"rootKey":"o6Y6BKGsFdBq6rf4lkBL9+RFjPScpvhOsCReYn6QveA="},"indexInfo":{"baseKey":"BUZG0ubgM3ONNXTOnFRX+3ijX0E3MKvv0KmAFSuE8XJ8","baseKeyType":1,"closed":-1,"used":1746081127204,"created":1746081127204,"remoteIdentityKey":"BVlRHRMk8jtOX2+XNMhpj2AQEOq8jdriHmqwMbjjtV8G"},"_chains":{"BSs9NCwjtKvxAUIRWzTawPfJWLfidJvp9u7MI+kKfqxW":{"chainKey":{"counter":0,"key":"MCOs6W6D0Z6bztBvZBhWZuLhc+s/fdrzNRtP1CyTHS4="},"chainType":1,"messageKeys":{}}},"pendingPreKey":{"signedKeyId":9,"baseKey":"BUZG0ubgM3ONNXTOnFRX+3ijX0E3MKvv0KmAFSuE8XJ8","preKeyId":961737}}},"version":"v1"}