{"_sessions":{"BbLVs84oUi8KIX7YmmUroxnCqy94pd7L1A0U+8NjCvId":{"registrationId":2027167919,"currentRatchet":{"ephemeralKeyPair":{"pubKey":"BXk5H0QaZwc1LpvVRBVbtnMqSKv9ZMDVz4utAHbatLpA","privKey":"8DWbV/f4s3H+Gcj1pLyM+9+2d9KJsGwqQz9pzdPzKkY="},"lastRemoteEphemeralKey":"BdSExgC1aCZ8OBw1Wc47tsSEKU7e/4VAuTbgRqz7HblF","previousCounter":0,"rootKey":"4NEyA4fYp32WsiZQ2VvWzRtRQA/2hQt1huHwWTLPcbg="},"indexInfo":{"baseKey":"BbLVs84oUi8KIX7YmmUroxnCqy94pd7L1A0U+8NjCvId","baseKeyType":1,"closed":-1,"used":1746087840142,"created":1746085499125,"remoteIdentityKey":"BYkOD+gS1YLYd7n2Y8SuPqGNYfFGxf0hDWtWByHOImtI"},"_chains":{"BdSExgC1aCZ8OBw1Wc47tsSEKU7e/4VAuTbgRqz7HblF":{"chainKey":{"counter":1,"key":"FS1ugJN59WgeXUkz7tMwRyGcWXiCcBtrNB1ENhSXIlY="},"chainType":2,"messageKeys":{}},"BXk5H0QaZwc1LpvVRBVbtnMqSKv9ZMDVz4utAHbatLpA":{"chainKey":{"counter":6,"key":"YL4t9TaQvM+Zk3dftX7XAuJsPT1RXmpEwXQBChs1FsI="},"chainType":1,"messageKeys":{}}}}},"version":"v1"}