{"_sessions":{"BdIiqPWucD898c4as9zGtKrNoesLYMRecG2I7rZo0D9W":{"registrationId":627079703,"currentRatchet":{"ephemeralKeyPair":{"pubKey":"BQMwDUOgdnxXBwxdor85+bnuSmsh90diRhNfglDtHhUY","privKey":"qAohigBXnzAGwR/ViaFynoZygZb1p0VIb7y+pCfUPUQ="},"lastRemoteEphemeralKey":"Bb9j8QrYf7G75f0bBzR12GAbxp+PGb9AzqXknvoX/9dz","previousCounter":0,"rootKey":"oOQKJBsN2i7CLqwdG7ZmbBorRkb7P7EUGUMWEA6SGyk="},"indexInfo":{"baseKey":"BdIiqPWucD898c4as9zGtKrNoesLYMRecG2I7rZo0D9W","baseKeyType":1,"closed":-1,"used":1746109837905,"created":1746109837905,"remoteIdentityKey":"BbLtw0svynS4GJujVIATAFKXCyExmqDud7DAOlxp/xZT"},"_chains":{"BQMwDUOgdnxXBwxdor85+bnuSmsh90diRhNfglDtHhUY":{"chainKey":{"counter":0,"key":"HC8WCS9nQ86BYPrpLZzKq+LCjMatflCdFgxr/mCP3rY="},"chainType":1,"messageKeys":{}}},"pendingPreKey":{"signedKeyId":1,"baseKey":"BdIiqPWucD898c4as9zGtKrNoesLYMRecG2I7rZo0D9W"}}},"version":"v1"}