{"_sessions":{"BZ9WTiraYLLxY4e7VNcwyCYrL2N1wulGsBSJgpoo3VAI":{"registrationId":1034680934,"currentRatchet":{"ephemeralKeyPair":{"pubKey":"BT+cwHh+eUQz6zHG3DeDuwY9Oq2haXeM8QlEHFNT9OMI","privKey":"CDs7jc4KAO1+L5T9P/A4e/Qw8Iwlm/2GgyceAtL5RXo="},"lastRemoteEphemeralKey":"Bc9xefAZ5FjSR/qor/QWctWg2tdcsU1VDMQREYK6DEtv","previousCounter":0,"rootKey":"st3NC3ApKqoAH3kVptym1Z6kwNewLXVZo4woht0bbfk="},"indexInfo":{"baseKey":"BZ9WTiraYLLxY4e7VNcwyCYrL2N1wulGsBSJgpoo3VAI","baseKeyType":1,"closed":-1,"used":1746104067793,"created":1746104067793,"remoteIdentityKey":"BVuLoxSWoZR7HTqBql7TleE7c96juSSJnpK+DueRTZQM"},"_chains":{"BT+cwHh+eUQz6zHG3DeDuwY9Oq2haXeM8QlEHFNT9OMI":{"chainKey":{"counter":0,"key":"w3YcZN8vsR8esH5bsvdj6dHR3427/DHTo00GEOOM2QA="},"chainType":1,"messageKeys":{}}},"pendingPreKey":{"signedKeyId":4,"baseKey":"BZ9WTiraYLLxY4e7VNcwyCYrL2N1wulGsBSJgpoo3VAI","preKeyId":1022109}}},"version":"v1"}