{"_sessions":{"Bd93HUrr7oKuNf/g7Xr5+7E69Za/XFgsoS9rhp4dYwok":{"registrationId":1615552935,"currentRatchet":{"ephemeralKeyPair":{"pubKey":"BWGAdAPEQG82ypyU7gykUXLrjyp683MwSHnhcAZu8zVs","privKey":"kB56qLP6m+dV1uF4zrBgveU9RawG3SaowHdch6uu82M="},"lastRemoteEphemeralKey":"BTzimBsifUS+Uhmbs990tUFX0NB02bwGc8wMI48HsNIM","previousCounter":0,"rootKey":"LKnEeAez79GPtTe++JesZJyTbVkjmVCnwxVTeUxSPoA="},"indexInfo":{"baseKey":"Bd93HUrr7oKuNf/g7Xr5+7E69Za/XFgsoS9rhp4dYwok","baseKeyType":1,"closed":-1,"used":1746110362352,"created":1746110362352,"remoteIdentityKey":"BZlKJzoske6uYH1cT7DueNgQ5ubov1daXPPjAU4AcEVv"},"_chains":{"BWGAdAPEQG82ypyU7gykUXLrjyp683MwSHnhcAZu8zVs":{"chainKey":{"counter":2,"key":"gtn/sWqYB54yRCIWg4tRcgKFwAy1LDsx3Ehmte+urmc="},"chainType":1,"messageKeys":{}}},"pendingPreKey":{"signedKeyId":5,"baseKey":"Bd93HUrr7oKuNf/g7Xr5+7E69Za/XFgsoS9rhp4dYwok","preKeyId":7722620}}},"version":"v1"}