{"_sessions":{"Bdkd39eFi6NUQcM+Y/be84WUUlOQQIq/eRO8g+wESEZB":{"registrationId":1644923711,"currentRatchet":{"ephemeralKeyPair":{"pubKey":"BTCFRgHLb/cwWE7ovpG0i8EjNDVe89ILIZ8tGxeI2KZh","privKey":"uB2XASIbDgIcxmwWsvJh3KlUtNWAkJUmkFsqFJkSlXI="},"lastRemoteEphemeralKey":"BSgFwu9IIUaEGhOZJmIxbGiYQnmns2prLy80PUu15+40","previousCounter":0,"rootKey":"JJgMOxsf8a5pknTSHNJSLKLtXlSP3QmrIxmvnT3mT9Y="},"indexInfo":{"baseKey":"Bdkd39eFi6NUQcM+Y/be84WUUlOQQIq/eRO8g+wESEZB","baseKeyType":1,"closed":-1,"used":1746109837896,"created":1746109837896,"remoteIdentityKey":"BdTlNiKGUXYe6TDkZzMb9WfVU59V3CbN2xh1wRFN0plq"},"_chains":{"BTCFRgHLb/cwWE7ovpG0i8EjNDVe89ILIZ8tGxeI2KZh":{"chainKey":{"counter":0,"key":"28AKtn0e2lenNzLh5nl7PAZCwEpT9W9ApgWH+4/DAg4="},"chainType":1,"messageKeys":{}}},"pendingPreKey":{"signedKeyId":12,"baseKey":"Bdkd39eFi6NUQcM+Y/be84WUUlOQQIq/eRO8g+wESEZB","preKeyId":61711}}},"version":"v1"}