{"_sessions":{"BWFFGc6Z9VTdo77Dj1O5UnWcNuoKsPc6rdL+jYkUYqFZ":{"registrationId":2123876479,"currentRatchet":{"ephemeralKeyPair":{"pubKey":"BcFUcxEwpatbTAco3K+9qYUjLP+wTHBvZPoREuQhMlQ7","privKey":"+M7l+0f1WPo1actkWXGeLhkvdFsx+lyzqIBCu29NDkc="},"lastRemoteEphemeralKey":"BTP6AESese/jcTjU8h4s9KP+g7i3uM/yDVZYyjIX7OAh","previousCounter":0,"rootKey":"ItzN8FJY8z97ofEvEMK4TzIg+Y3LPHVgPqKlFelUvLo="},"indexInfo":{"baseKey":"BWFFGc6Z9VTdo77Dj1O5UnWcNuoKsPc6rdL+jYkUYqFZ","baseKeyType":1,"closed":-1,"used":1746081127225,"created":1746081127225,"remoteIdentityKey":"BV0Iq0xKkICkG5T5QPAR7+9tgue+Y5t/J3ODPK6jOvZl"},"_chains":{"BcFUcxEwpatbTAco3K+9qYUjLP+wTHBvZPoREuQhMlQ7":{"chainKey":{"counter":0,"key":"6NvXP3Q+ltIA28cxJModDwV5MTlHCBjFgisY4FYC974="},"chainType":1,"messageKeys":{}}},"pendingPreKey":{"signedKeyId":12,"baseKey":"BWFFGc6Z9VTdo77Dj1O5UnWcNuoKsPc6rdL+jYkUYqFZ","preKeyId":11494619}}},"version":"v1"}