{"_sessions":{"BQ8/octDzAXfmutFS47WtP0g+0iwdl2gbOaoH+lTEW8J":{"registrationId":4474,"currentRatchet":{"ephemeralKeyPair":{"pubKey":"Bfh//A3VqijS2M0thzGEQXgIYJayoDLT1Mu7roKVV+sU","privKey":"2K+/cxso8qqnD8+CX1Yb3lAl1kBBagYW3yww+g04MFU="},"lastRemoteEphemeralKey":"BceC9ifT33Vy9zVxw2bITIAqOMyf/BFfazuncXcHNFVV","previousCounter":0,"rootKey":"2xeOKb+jnRqYdT6pRCRRXnMbRZo/iWlN78ZFq2ooiM0="},"indexInfo":{"baseKey":"BQ8/octDzAXfmutFS47WtP0g+0iwdl2gbOaoH+lTEW8J","baseKeyType":1,"closed":-1,"used":1746081127155,"created":1746081127155,"remoteIdentityKey":"BRqOQNwakWhJKyQzURsRUWydXF/LsZjdAqJoQlRZzD8O"},"_chains":{"Bfh//A3VqijS2M0thzGEQXgIYJayoDLT1Mu7roKVV+sU":{"chainKey":{"counter":0,"key":"aVbji4FvZDiBBOWsqdQPXq4vrvN5lY6OtA1LXL+DUaM="},"chainType":1,"messageKeys":{}}},"pendingPreKey":{"signedKeyId":2,"baseKey":"BQ8/octDzAXfmutFS47WtP0g+0iwdl2gbOaoH+lTEW8J","preKeyId":270}}},"version":"v1"}