{"_sessions":{"BaNIXHZWeLLGpukdWBIRzjHYGpx6Q/pJYsu2s5wHImUl":{"registrationId":1480469419,"currentRatchet":{"ephemeralKeyPair":{"pubKey":"BeriJm0KPZKy0aTuWsCTizIrSMAZI4PUgD94vOngbO1o","privKey":"gHMvtHy9nc5RDvi9EvxKQqq4/WPjIP5PCaQC+AE7VUc="},"lastRemoteEphemeralKey":"Baf1zd+m+m2RwzHDw4NL4fWWn4ECz65HDpwoJYdYsnUj","previousCounter":0,"rootKey":"Vf8w9KXE63f0xnzFYuSStmZK7Y6XM8dBcqeKt+ZCEWo="},"indexInfo":{"baseKey":"BaNIXHZWeLLGpukdWBIRzjHYGpx6Q/pJYsu2s5wHImUl","baseKeyType":1,"closed":-1,"used":1746105094216,"created":1746105094216,"remoteIdentityKey":"BQEfk8jDINDL6sra+P34Cf40afWT7PaaGJdHv98xDF56"},"_chains":{"BeriJm0KPZKy0aTuWsCTizIrSMAZI4PUgD94vOngbO1o":{"chainKey":{"counter":0,"key":"RYYlhP9xRVR3uixPZ8ORt8igCszoto3LYaw+l2uIt4I="},"chainType":1,"messageKeys":{}}},"pendingPreKey":{"signedKeyId":11,"baseKey":"BaNIXHZWeLLGpukdWBIRzjHYGpx6Q/pJYsu2s5wHImUl","preKeyId":3140984}}},"version":"v1"}