{"_sessions":{"BRnhSIiMPqF5YxWZJ4MP1+lRftGLX4yF7asxBeKKvnVF":{"registrationId":1957776628,"currentRatchet":{"ephemeralKeyPair":{"pubKey":"BdftI2Pp/zvD2AncSn9jxLsPkVbC5dQYYE6x/J23+H0u","privKey":"CJMZqTtVIvvrA3mG4Tz/lf2vxBs4yE1qajDO1Fax20w="},"lastRemoteEphemeralKey":"BRDaXxlz0bE5ZdUXOyzoo4z0E/+e0JbtBN587NIpTvAZ","previousCounter":0,"rootKey":"oV7f8J+hE1kT/97/zMsDfjt05jS+ZpjbAiRVhtNj3rM="},"indexInfo":{"baseKey":"BRnhSIiMPqF5YxWZJ4MP1+lRftGLX4yF7asxBeKKvnVF","baseKeyType":1,"closed":-1,"used":1746110362342,"created":1746110362342,"remoteIdentityKey":"BSkt94B+lyyVYUhObnTyiDWxQVbwVrw1ii713TjmPCsR"},"_chains":{"BdftI2Pp/zvD2AncSn9jxLsPkVbC5dQYYE6x/J23+H0u":{"chainKey":{"counter":2,"key":"nLh+EnfwjMRmCmbvD/KbuN9+4mz/OIqBy3IP86O15hI="},"chainType":1,"messageKeys":{}}},"pendingPreKey":{"signedKeyId":2,"baseKey":"BRnhSIiMPqF5YxWZJ4MP1+lRftGLX4yF7asxBeKKvnVF","preKeyId":16322355}}},"version":"v1"}