{"_sessions":{"BVoH5wkfyeOz28bRux+fH6Qs4AzUGbHmhUv0BW7zgfJS":{"registrationId":304309996,"currentRatchet":{"ephemeralKeyPair":{"pubKey":"BTdbRcm9+s8v24aJfAQENOVBFALJllYks4/CXUNvnBd5","privKey":"WMH2bLRae0CG6zj+LOre7RgPbXwTpJyCFWT8/+bJAHA="},"lastRemoteEphemeralKey":"BXIS1iDEvFifrKzw37PPGGW9tef+7veYFZmF3QWdB2lu","previousCounter":0,"rootKey":"NovKa/d0ZYf7qDlOxqC/PVL5Kd0R4GuuQcvTj2QaZso="},"indexInfo":{"baseKey":"BVoH5wkfyeOz28bRux+fH6Qs4AzUGbHmhUv0BW7zgfJS","baseKeyType":1,"closed":1746107557986,"used":1746085499035,"created":1746085499035,"remoteIdentityKey":"BS8XVBrB9ebixbivhJe73/yPKPHBAAKxffYbG5k5pPVd"},"_chains":{"BTdbRcm9+s8v24aJfAQENOVBFALJllYks4/CXUNvnBd5":{"chainKey":{"counter":7,"key":"Iq8Fq9mNiieu5kGqXEFU0oYoul6TkKbub2Sc+Nqws54="},"chainType":1,"messageKeys":{}}},"pendingPreKey":{"signedKeyId":6,"baseKey":"BVoH5wkfyeOz28bRux+fH6Qs4AzUGbHmhUv0BW7zgfJS","preKeyId":3025801}},"BdCKn3pAXnoG/Rbj7bDTBa7YCp8Tc++FKwefOyIpUC9J":{"registrationId":304309996,"currentRatchet":{"ephemeralKeyPair":{"pubKey":"BS83UOG50QI/z1NF28oi60kd85/1xde2fyQkAQ9uOdYc","privKey":"IDvkk8EDBPkKwV4JQsCBTiMr4yK5dt6uLCf43AJH014="},"lastRemoteEphemeralKey":"BXIS1iDEvFifrKzw37PPGGW9tef+7veYFZmF3QWdB2lu","previousCounter":0,"rootKey":"NooZDPuuhUEOlI/mVXzHELh435nW81fkXhglJpBD4Bc="},"indexInfo":{"baseKey":"BdCKn3pAXnoG/Rbj7bDTBa7YCp8Tc++FKwefOyIpUC9J","baseKeyType":1,"closed":1746107558262,"used":1746107557980,"created":1746107557980,"remoteIdentityKey":"BS8XVBrB9ebixbivhJe73/yPKPHBAAKxffYbG5k5pPVd"},"_chains":{"BS83UOG50QI/z1NF28oi60kd85/1xde2fyQkAQ9uOdYc":{"chainKey":{"counter":-1,"key":"xZNW6fKj1LbdZDo60+gezIRHxtkEvvH1yIQZwfayWj4="},"chainType":1,"messageKeys":{}}},"pendingPreKey":{"signedKeyId":6,"baseKey":"BdCKn3pAXnoG/Rbj7bDTBa7YCp8Tc++FKwefOyIpUC9J","preKeyId":3025060}},"BZIgsoHgOZWcZLF3wYUFyeqw++171oThFcAd2b7QyoZx":{"registrationId":304309996,"currentRatchet":{"ephemeralKeyPair":{"pubKey":"Bc5X1w3YjvW9qVNyJxyK1FjP8XSBNPRGUQVg6LKsnN0S","privKey":"wNJ/3/Jap95Rl0YYA981gU77nsfmIzyzD1unPkdj0k8="},"lastRemoteEphemeralKey":"BXIS1iDEvFifrKzw37PPGGW9tef+7veYFZmF3QWdB2lu","previousCounter":0,"rootKey":"8J9VDDO2CC4iq56jWQ3w7op3FHOuZPF+RBM0T7EpAac="},"indexInfo":{"baseKey":"BZIgsoHgOZWcZLF3wYUFyeqw++171oThFcAd2b7QyoZx","baseKeyType":1,"closed":1746107560669,"used":1746107558260,"created":1746107558260,"remoteIdentityKey":"BS8XVBrB9ebixbivhJe73/yPKPHBAAKxffYbG5k5pPVd"},"_chains":{"Bc5X1w3YjvW9qVNyJxyK1FjP8XSBNPRGUQVg6LKsnN0S":{"chainKey":{"counter":-1,"key":"ixu9fuBSmSqt41EIQqcpqJdWYIC3pn3YSG9OuYHkSxY="},"chainType":1,"messageKeys":{}}},"pendingPreKey":{"signedKeyId":6,"baseKey":"BZIgsoHgOZWcZLF3wYUFyeqw++171oThFcAd2b7QyoZx","preKeyId":3025223}},"BS6EGHZd1eQp3LqP+D+V2gqdQJiZl0IJ1EDVIfgqZW13":{"registrationId":304309996,"currentRatchet":{"ephemeralKeyPair":{"pubKey":"Bb5lHr5NMSwdPtTFNDm3AdLo+Q+X9TaaKDAXioe+lb8u","privKey":"WJTbmmYV7BedYIur3UNiQBMNNuvG/ISEvmB5P3kfs1k="},"lastRemoteEphemeralKey":"BXIS1iDEvFifrKzw37PPGGW9tef+7veYFZmF3QWdB2lu","previousCounter":0,"rootKey":"q4Mid6fo3BVLPhctvPTGI6Ub00VF5AHE2UT0V7f2hP4="},"indexInfo":{"baseKey":"BS6EGHZd1eQp3LqP+D+V2gqdQJiZl0IJ1EDVIfgqZW13","baseKeyType":1,"closed":1746107572844,"used":1746107560659,"created":1746107560659,"remoteIdentityKey":"BS8XVBrB9ebixbivhJe73/yPKPHBAAKxffYbG5k5pPVd"},"_chains":{"Bb5lHr5NMSwdPtTFNDm3AdLo+Q+X9TaaKDAXioe+lb8u":{"chainKey":{"counter":-1,"key":"vOdLdWkMWsXjKvn+V7DxRn15RzI3YBjS5WJK2XXz7rU="},"chainType":1,"messageKeys":{}}},"pendingPreKey":{"signedKeyId":6,"baseKey":"BS6EGHZd1eQp3LqP+D+V2gqdQJiZl0IJ1EDVIfgqZW13","preKeyId":3025685}},"Ba+kcn/6t2jtvtWw0csQcFA8GUA5SGK1LjcJBEO1x2pR":{"registrationId":304309996,"currentRatchet":{"ephemeralKeyPair":{"pubKey":"Bcfs8k6HNZkaQuPOCHFBn/dEYH7D+DI06/9TwOazjkUH","privKey":"SC8cHlT8ltC2OQAFo/r6grUAN+eSBUvKkOe6sgBOdGc="},"lastRemoteEphemeralKey":"BXIS1iDEvFifrKzw37PPGGW9tef+7veYFZmF3QWdB2lu","previousCounter":0,"rootKey":"nf9HwsfCTth6TSdEgrEEkR/KXqzCoDXrQldmL3AJ0hA="},"indexInfo":{"baseKey":"Ba+kcn/6t2jtvtWw0csQcFA8GUA5SGK1LjcJBEO1x2pR","baseKeyType":1,"closed":1746107573066,"used":1746107572842,"created":1746107572842,"remoteIdentityKey":"BS8XVBrB9ebixbivhJe73/yPKPHBAAKxffYbG5k5pPVd"},"_chains":{"Bcfs8k6HNZkaQuPOCHFBn/dEYH7D+DI06/9TwOazjkUH":{"chainKey":{"counter":-1,"key":"esFI57ggKp/EGrKoj+nHLWpjfMR1k+38Rz4ekh1bsvA="},"chainType":1,"messageKeys":{}}},"pendingPreKey":{"signedKeyId":6,"baseKey":"Ba+kcn/6t2jtvtWw0csQcFA8GUA5SGK1LjcJBEO1x2pR","preKeyId":3025172}},"BbFZd050QjmcW/sgxScetZ1KjIbdf+4xRBzXYcabDidD":{"registrationId":304309996,"currentRatchet":{"ephemeralKeyPair":{"pubKey":"BSgNro6vnSY+AtEMXd1owXGxtpQQVIGtwVZoiVLFsZ0b","privKey":"MBAnKvSyb363vkCTxSdc2mSfedPgfQM2I+kEJ3y9GEY="},"lastRemoteEphemeralKey":"BXIS1iDEvFifrKzw37PPGGW9tef+7veYFZmF3QWdB2lu","previousCounter":0,"rootKey":"XJBm93LqQyJXBx89JPPoq1Edr8SSLztzuoDGJU8wXdo="},"indexInfo":{"baseKey":"BbFZd050QjmcW/sgxScetZ1KjIbdf+4xRBzXYcabDidD","baseKeyType":1,"closed":1746107587425,"used":1746107573063,"created":1746107573063,"remoteIdentityKey":"BS8XVBrB9ebixbivhJe73/yPKPHBAAKxffYbG5k5pPVd"},"_chains":{"BSgNro6vnSY+AtEMXd1owXGxtpQQVIGtwVZoiVLFsZ0b":{"chainKey":{"counter":-1,"key":"vOTAbc0fzirG/aSg9NGmMF6demMdYecesWFppOub67Y="},"chainType":1,"messageKeys":{}}},"pendingPreKey":{"signedKeyId":6,"baseKey":"BbFZd050QjmcW/sgxScetZ1KjIbdf+4xRBzXYcabDidD","preKeyId":3025219}},"BZ0Mq9LsY8v9R6520hpUC/FaMQ6A5L6zrHLXYFsxo4oR":{"registrationId":304309996,"currentRatchet":{"ephemeralKeyPair":{"pubKey":"BXm53us47iYjjNn7a1c9kNn9PzSr4tfCYJwqnhnc98Q0","privKey":"UOfSXcoxtQz7MkKvhCwl9g6rG+EawHO8RCgapBjFiE8="},"lastRemoteEphemeralKey":"BXIS1iDEvFifrKzw37PPGGW9tef+7veYFZmF3QWdB2lu","previousCounter":0,"rootKey":"VEYEP3aTET7dfxfkHO2l3P158uVUzlriaRGH8GSMSfE="},"indexInfo":{"baseKey":"BZ0Mq9LsY8v9R6520hpUC/FaMQ6A5L6zrHLXYFsxo4oR","baseKeyType":1,"closed":1746107618374,"used":1746107587423,"created":1746107587423,"remoteIdentityKey":"BS8XVBrB9ebixbivhJe73/yPKPHBAAKxffYbG5k5pPVd"},"_chains":{"BXm53us47iYjjNn7a1c9kNn9PzSr4tfCYJwqnhnc98Q0":{"chainKey":{"counter":-1,"key":"YK6sig1fXRo4D7hE9Ngz22XD1NKs0fvo/abRXuxk6JM="},"chainType":1,"messageKeys":{}}},"pendingPreKey":{"signedKeyId":6,"baseKey":"BZ0Mq9LsY8v9R6520hpUC/FaMQ6A5L6zrHLXYFsxo4oR","preKeyId":3025670}},"BfqEKwi093r9TdFt5ojcIpECn405Kx2Z//tgd6j1Y8o5":{"registrationId":304309996,"currentRatchet":{"ephemeralKeyPair":{"pubKey":"BXIxsUI267QkEbP8qd2a3V7vH2Z3NPiZ4RujpKDoumIl","privKey":"CFCmY/NBPfUcqAMEPGr7QcnW+4NQzFimS9dXKB3Utm4="},"lastRemoteEphemeralKey":"BXIS1iDEvFifrKzw37PPGGW9tef+7veYFZmF3QWdB2lu","previousCounter":0,"rootKey":"FjUorIcjJJozNEi1/Yy3IlxjkCPcOLxf46MaQVfbMwk="},"indexInfo":{"baseKey":"BfqEKwi093r9TdFt5ojcIpECn405Kx2Z//tgd6j1Y8o5","baseKeyType":1,"closed":1746107628925,"used":1746107618370,"created":1746107618370,"remoteIdentityKey":"BS8XVBrB9ebixbivhJe73/yPKPHBAAKxffYbG5k5pPVd"},"_chains":{"BXIxsUI267QkEbP8qd2a3V7vH2Z3NPiZ4RujpKDoumIl":{"chainKey":{"counter":-1,"key":"Gfe+AV4VaTblqOp0VMorMZUVCUGxyTjhpXWR4OmFruo="},"chainType":1,"messageKeys":{}}},"pendingPreKey":{"signedKeyId":6,"baseKey":"BfqEKwi093r9TdFt5ojcIpECn405Kx2Z//tgd6j1Y8o5","preKeyId":3025228}},"BczlYpp5vxt3zX9fHAhu/I4lXEOBxSOsuK362OB6FjVQ":{"registrationId":304309996,"currentRatchet":{"ephemeralKeyPair":{"pubKey":"BaQK029bHAbcF6HtZRUbtgu27GMbyvSut8V103L79pl6","privKey":"8HPiiFUfGNxMMFlcbMbrsaCHmf/wB1K0JJYPURqLCFk="},"lastRemoteEphemeralKey":"BXIS1iDEvFifrKzw37PPGGW9tef+7veYFZmF3QWdB2lu","previousCounter":0,"rootKey":"Hxawlp20BHOaZMcBY4CDh0ih5G/vsRpwKhValprYaj4="},"indexInfo":{"baseKey":"BczlYpp5vxt3zX9fHAhu/I4lXEOBxSOsuK362OB6FjVQ","baseKeyType":1,"closed":-1,"used":1746107628919,"created":1746107628919,"remoteIdentityKey":"BS8XVBrB9ebixbivhJe73/yPKPHBAAKxffYbG5k5pPVd"},"_chains":{"BaQK029bHAbcF6HtZRUbtgu27GMbyvSut8V103L79pl6":{"chainKey":{"counter":-1,"key":"dOfrtHWA35fmQtpt1w69HrlIf5VqeVobaMs8dhKltxI="},"chainType":1,"messageKeys":{}}},"pendingPreKey":{"signedKeyId":6,"baseKey":"BczlYpp5vxt3zX9fHAhu/I4lXEOBxSOsuK362OB6FjVQ","preKeyId":3025180}}},"version":"v1"}