{"_sessions":{"BTBiVYD8fwwk4LRF73GQN6GamqLJOFj7EELbabdkA/ob":{"registrationId":411052380,"currentRatchet":{"ephemeralKeyPair":{"pubKey":"BeGi6oCsAL22Db69NX0btLwSIF2zvYP96p6PDKgzQLRR","privKey":"sHaI+Byd5dZnJ9RJrk/6/JAE7xF1hHk1i8jl8e8TmWI="},"lastRemoteEphemeralKey":"BfwRoU1vPKvBkYGARRbgq4nwHIfq4AQ1i/ebCuPtNJRr","previousCounter":0,"rootKey":"WdbST9IP1qbQ4fYJS5DKpwanFYPAIQ135SP2d71n2g4="},"indexInfo":{"baseKey":"BTBiVYD8fwwk4LRF73GQN6GamqLJOFj7EELbabdkA/ob","baseKeyType":1,"closed":-1,"used":1746089172923,"created":1746085498986,"remoteIdentityKey":"BWk57sYQjUlM46iy8R7e6jRR0ieGeWFyUVe6M/FRSvx/"},"_chains":{"BfwRoU1vPKvBkYGARRbgq4nwHIfq4AQ1i/ebCuPtNJRr":{"chainKey":{"counter":1,"key":"WYk6xCSFuGCEinCovjKbQHCMHpkeHq1uhbeTSNnsvTA="},"chainType":2,"messageKeys":{}},"BeGi6oCsAL22Db69NX0btLwSIF2zvYP96p6PDKgzQLRR":{"chainKey":{"counter":6,"key":"fYptlSaWf4DgFVhMAG2DBDn3cxkIEqPcE1rY+cciYp4="},"chainType":1,"messageKeys":{}}}}},"version":"v1"}