{"_sessions":{"BV1kD9Cqr2MjyQ7RcW9d0nsQUhGzYhi0QHhGUEeeY5Jo":{"registrationId":1579305249,"currentRatchet":{"ephemeralKeyPair":{"pubKey":"BQAhqF+24bQB8cXarr3yxwF07tdO/Ebsd39d4g0tC6lF","privKey":"eLLnjKDNCBOOp3i7M+kpQ6A8EWvA9nX1KmWrsDzE7GQ="},"lastRemoteEphemeralKey":"BQVBrUl5/v5LwQDL3z+QlEyJqUq/M3EdZSPfRkD79zNK","previousCounter":0,"rootKey":"Yo5NtGC2VFknDf+OyvgAhwX1prPd2cZvFu6kfO0BJ6Y="},"indexInfo":{"baseKey":"BV1kD9Cqr2MjyQ7RcW9d0nsQUhGzYhi0QHhGUEeeY5Jo","baseKeyType":1,"closed":-1,"used":1746081127183,"created":1746081127183,"remoteIdentityKey":"Bb9IGyrXh0fGRx4ArM1ouzOO1DSOSHPseI5BFLF909Nl"},"_chains":{"BQAhqF+24bQB8cXarr3yxwF07tdO/Ebsd39d4g0tC6lF":{"chainKey":{"counter":0,"key":"qGpVicuj7ecy3Fkszxh7omxoJPRq+Y5DWr8Iu5Pqwwk="},"chainType":1,"messageKeys":{}}},"pendingPreKey":{"signedKeyId":66,"baseKey":"BV1kD9Cqr2MjyQ7RcW9d0nsQUhGzYhi0QHhGUEeeY5Jo","preKeyId":7270607}}},"version":"v1"}