{"_sessions":{"BR1U+FLvUIG/Zk9DqRJbfng3WtBKZAR/iLG8jI2GMAgf":{"registrationId":2034591141,"currentRatchet":{"ephemeralKeyPair":{"pubKey":"BdJJnepoCeT/Hw3vgy3kk5AZsqXe3YrMJPWDZ2cnKHIl","privKey":"wEWb2Mfoi2gOPyZM1f01UehzZdGcL/823ffRHnMPQlM="},"lastRemoteEphemeralKey":"BTzWsrYyOjGh1q1y97bW2/9AvKNlof1E1i1gedLNKnNY","previousCounter":0,"rootKey":"rqqxnsAhg87O4Z8quG2ffNUkaJEB3p3k59u5d3Hso0M="},"indexInfo":{"baseKey":"BR1U+FLvUIG/Zk9DqRJbfng3WtBKZAR/iLG8jI2GMAgf","baseKeyType":1,"closed":-1,"used":1746088413745,"created":1746085499141,"remoteIdentityKey":"BWDbgMUib0jzEfqEWUa7hArGlIKIbkS+YAHIhp8dX5gf"},"_chains":{"BTzWsrYyOjGh1q1y97bW2/9AvKNlof1E1i1gedLNKnNY":{"chainKey":{"counter":1,"key":"oCdYONmZIC3enMFqYQdvjyXTH3M7nRZMWuY2TvonKcQ="},"chainType":2,"messageKeys":{}},"BdJJnepoCeT/Hw3vgy3kk5AZsqXe3YrMJPWDZ2cnKHIl":{"chainKey":{"counter":6,"key":"ckIj6tLWj5ssZu+mfqtb4dy2h9pC+rp5xP7IU9tVK0I="},"chainType":1,"messageKeys":{}}}}},"version":"v1"}