{"_sessions":{"BdcbrkfPGhTy1WOLn3tciEF9iN44Wn5+8JtCM7c2G9xj":{"registrationId":749949906,"currentRatchet":{"ephemeralKeyPair":{"pubKey":"BXAPq34iPoJo5d47dkFKQ4RciOnytriFIK1jHhVUIO1e","privKey":"6C4aQtygNc4euLhcQhX6myhobhUGbh9QOk/6PUpaYnM="},"lastRemoteEphemeralKey":"BWQcA6eMhzA+oGySIjHwwGg3qB31P3nE/HdwtEeungAf","previousCounter":0,"rootKey":"NCH/uUMMOFjBPjUGAvnMm3ehTpr59r9+e+TPk1e6npg="},"indexInfo":{"baseKey":"BdcbrkfPGhTy1WOLn3tciEF9iN44Wn5+8JtCM7c2G9xj","baseKeyType":1,"closed":-1,"used":1746085498991,"created":1746085498991,"remoteIdentityKey":"BfnTTEFU2Rn4KuqxK2PlBcRmMQOpqcMi8k2JV0Wc31U7"},"_chains":{"BXAPq34iPoJo5d47dkFKQ4RciOnytriFIK1jHhVUIO1e":{"chainKey":{"counter":7,"key":"5yOxdib6x000b5SBbcW0XR+50WMNHGgfnxqqDZF4tY8="},"chainType":1,"messageKeys":{}}},"pendingPreKey":{"signedKeyId":2,"baseKey":"BdcbrkfPGhTy1WOLn3tciEF9iN44Wn5+8JtCM7c2G9xj","preKeyId":5692}}},"version":"v1"}