{"_sessions":{"BThmNZ6ysk9OlXhUrHPJc2vt60MPz9+UqD7paNqUvPEF":{"registrationId":1747375356,"currentRatchet":{"ephemeralKeyPair":{"pubKey":"Bdn32IqzHA8u1S2bvsKd56ELYcuT0BTBXi8MPNCN4vEZ","privKey":"6PpT1C8cIr5a4oDvMgYluXiTet6kNOmtBcGMOX1mwGc="},"lastRemoteEphemeralKey":"BW70yBXfRgVUZcZqu2+QZmojhHl/MeHUcZ7QdkivHKY9","previousCounter":0,"rootKey":"qh7iR4Tu4OW5iiWP/x5FtbXuj5w+LbDiKERMHtcackY="},"indexInfo":{"baseKey":"BThmNZ6ysk9OlXhUrHPJc2vt60MPz9+UqD7paNqUvPEF","baseKeyType":1,"closed":-1,"used":1746081127192,"created":1746081127192,"remoteIdentityKey":"BQLxNqrmsMtR9ATRuJFvUJzUMVXMG5BMAL7jajIWX0ky"},"_chains":{"Bdn32IqzHA8u1S2bvsKd56ELYcuT0BTBXi8MPNCN4vEZ":{"chainKey":{"counter":0,"key":"Eicv5Ud2YUC5iNs8OoALNNCiPzVybH8PvyEbPWYcbh4="},"chainType":1,"messageKeys":{}}},"pendingPreKey":{"signedKeyId":75,"baseKey":"BThmNZ6ysk9OlXhUrHPJc2vt60MPz9+UqD7paNqUvPEF","preKeyId":6303405}}},"version":"v1"}