{"_sessions":{"BTY4NLv6f0ZwPMJsDnB+4c1bn1HZalh/2ElXu9LLpidn":{"registrationId":339808893,"currentRatchet":{"ephemeralKeyPair":{"pubKey":"BUjc/kw2RGhXwP+wid27b8dt5RtdOxSjbUOL7JKOFFxa","privKey":"QPw2KagBWSkRVhmrS9uasLTk/DKzsW0jk0NGb7ppsG0="},"lastRemoteEphemeralKey":"BbSCfHhPoyWVRKmlmtjCunZKHsCG5ehmPHhVQlRjUrwP","previousCounter":0,"rootKey":"vB4jY/s8X+3RIq8O7KRDviQLpH6nAVNdP+B3OcUGg9U="},"indexInfo":{"baseKey":"BTY4NLv6f0ZwPMJsDnB+4c1bn1HZalh/2ElXu9LLpidn","baseKeyType":1,"closed":-1,"used":1746085499122,"created":1746085499122,"remoteIdentityKey":"BZHSI6vfH8j7rFXtobN2HGw9//UT7i6X9oow+Rgxh2NV"},"_chains":{"BUjc/kw2RGhXwP+wid27b8dt5RtdOxSjbUOL7JKOFFxa":{"chainKey":{"counter":7,"key":"qtM85JjeYNbv509n2YVLe0bUYrKxKXNK2C003NvJyvA="},"chainType":1,"messageKeys":{}}},"pendingPreKey":{"signedKeyId":5,"baseKey":"BTY4NLv6f0ZwPMJsDnB+4c1bn1HZalh/2ElXu9LLpidn","preKeyId":3913040}}},"version":"v1"}