{"_sessions":{"BZRS7QTMGzqkSWwXEplw8MOBpwML+Rk8Ndeg7oL6kFd0":{"registrationId":880272702,"currentRatchet":{"ephemeralKeyPair":{"pubKey":"BSfWNzvCxAQ8J/pkiBkEqHoySaLMdH9PpJq60Ux1Pc1U","privKey":"qARONP5sNW7FMcvExt3UZMzKmcPcmA2SFnuAnth8aWI="},"lastRemoteEphemeralKey":"Bc2EHkMaEqCRMPAJJTMl7tgDy2bD2gm4xX0p0B6xGzxW","previousCounter":0,"rootKey":"wZkVuR4w9qqZFAQbysO/ZpL2+1b45crvEjVelv9Sg6A="},"indexInfo":{"baseKey":"BZRS7QTMGzqkSWwXEplw8MOBpwML+Rk8Ndeg7oL6kFd0","baseKeyType":1,"closed":-1,"used":1746081127187,"created":1746081127187,"remoteIdentityKey":"Bb0IqE4VIhqNh9FZpMhatXKnTnqj5z2LOKQsOWCBSmkd"},"_chains":{"BSfWNzvCxAQ8J/pkiBkEqHoySaLMdH9PpJq60Ux1Pc1U":{"chainKey":{"counter":0,"key":"GAi0WAgjk3Dq+njBnwYFdr8NxYHSpi01ZVs06EJamQk="},"chainType":1,"messageKeys":{}}},"pendingPreKey":{"signedKeyId":1168070,"baseKey":"BZRS7QTMGzqkSWwXEplw8MOBpwML+Rk8Ndeg7oL6kFd0","preKeyId":6454}}},"version":"v1"}