{"_sessions":{"BarnBJsqHmMUQw5doUlCSDC/zjltub6FEuBnwuJHfvRS":{"registrationId":761293851,"currentRatchet":{"ephemeralKeyPair":{"pubKey":"BY6fOTK1pJdCPJqTPo6fODqQEANAnPjgg64pAnyH7+07","privKey":"4JyWEV+fH+mtd8d5iQ7Y7JhHJlNkCfl3yzFcjLOS4lw="},"lastRemoteEphemeralKey":"BRQ8X/0429vtE/rIaww3n+iR11S8VowbtVz+cVJlkCJq","previousCounter":0,"rootKey":"C9tl1Bb0ihSB10t697w1uKUCEnDR3kfOUH+IMYgVIHA="},"indexInfo":{"baseKey":"BarnBJsqHmMUQw5doUlCSDC/zjltub6FEuBnwuJHfvRS","baseKeyType":1,"closed":-1,"used":1746109837873,"created":1746109837873,"remoteIdentityKey":"Bf3DcAVECcIAHe4r10mbWTOttD8DeqGI7v9OO0FZdgwE"},"_chains":{"BY6fOTK1pJdCPJqTPo6fODqQEANAnPjgg64pAnyH7+07":{"chainKey":{"counter":0,"key":"uNgZ4ll+QfIaYW4S5x5hPYUu3L7DrQV5oxmjOjP7vAw="},"chainType":1,"messageKeys":{}}},"pendingPreKey":{"signedKeyId":1,"baseKey":"BarnBJsqHmMUQw5doUlCSDC/zjltub6FEuBnwuJHfvRS","preKeyId":7500779}}},"version":"v1"}