{"_sessions":{"BabE3XnVNVL/pKDu+WyVDOrQ1/+SCuN0U59a3ukYmTkZ":{"registrationId":509234503,"currentRatchet":{"ephemeralKeyPair":{"pubKey":"BTU7OPLCOhhBAPZr7p/wBCaQJazF63aEQREmyKnb6Q5J","privKey":"wKHAOv9RiX/tNzZse62dscSGg5Z+/eZakgtIviguRUU="},"lastRemoteEphemeralKey":"Bf1iJvzFoE9AfD5XCNCD+mqrh2qjcQczEeMloPAQd9h+","previousCounter":0,"rootKey":"K9BjCakD6yr4Rtvs0G6FfSf42ADJib1CkOUASJa6vyM="},"indexInfo":{"baseKey":"BabE3XnVNVL/pKDu+WyVDOrQ1/+SCuN0U59a3ukYmTkZ","baseKeyType":1,"closed":1746089135092,"used":1746086866215,"created":1746085499156,"remoteIdentityKey":"BQ7CnQncVnVptDwLtHBrpCUccuQmxv0RXSiof2UUVG8N"},"_chains":{"Bf1iJvzFoE9AfD5XCNCD+mqrh2qjcQczEeMloPAQd9h+":{"chainKey":{"counter":0,"key":"6fCSwsef7sejck8UQCJmGqwvOOJraHFTSkELZVO3hYI="},"chainType":2,"messageKeys":{}},"BTU7OPLCOhhBAPZr7p/wBCaQJazF63aEQREmyKnb6Q5J":{"chainKey":{"counter":0,"key":"LddepDwDraQZNF03lBapCHzqp/bFfIeIHtQ2LW2pQKc="},"chainType":1,"messageKeys":{}}}},"Ba385SrOujRhgTONg0dvMVG52I9VARZcJS4tqgwCa1Yw":{"registrationId":1099218366,"currentRatchet":{"ephemeralKeyPair":{"pubKey":"BV+0qfS/gxJy0N3oIr3NAmX6O0VoziebK71cp3568zIj","privKey":"KN+OVjx8FezieR0sFxZ2kVBmD0TieO0FZA6anTsyp2I="},"lastRemoteEphemeralKey":"BYRxnqcXms7ihK6r+4fWpVJdOi1g0DnRJkpWcRD1hW53","previousCounter":0,"rootKey":"IQheUehtPsqCrdGsG75e+OvPLxKOBZDW+nhx+7szu1o="},"indexInfo":{"baseKey":"Ba385SrOujRhgTONg0dvMVG52I9VARZcJS4tqgwCa1Yw","baseKeyType":1,"closed":1746089136836,"used":1746089135088,"created":1746089135088,"remoteIdentityKey":"BYFXfR/jmU6aF13Qo/C3vRMdLWkwkzjjoRMYhDninOlX"},"_chains":{"BV+0qfS/gxJy0N3oIr3NAmX6O0VoziebK71cp3568zIj":{"chainKey":{"counter":-1,"key":"5VBeCnIi2w0ndx3EBb/EhnbyCSCE7fnvpjG6hEGprpo="},"chainType":1,"messageKeys":{}}},"pendingPreKey":{"signedKeyId":0,"baseKey":"Ba385SrOujRhgTONg0dvMVG52I9VARZcJS4tqgwCa1Yw","preKeyId":11868283}},"BdAGSfIcw2+QB78B9QxCbPbdfkq7kftPvuYl4FzgJ7sA":{"registrationId":1099218366,"currentRatchet":{"ephemeralKeyPair":{"pubKey":"BbPDuc9duTsPJcZSqp7XHV5VnD6FhPFD/Fe9c2bCA4pR","privKey":"0B0caS3zlZ90vz7B5Vm6LV4XroMH5BkXCO1okn5kimU="},"lastRemoteEphemeralKey":"BYRxnqcXms7ihK6r+4fWpVJdOi1g0DnRJkpWcRD1hW53","previousCounter":0,"rootKey":"2GDr61F3S/91ZlE80hqRH3uBnbJbi9rtoErpPPYAlLs="},"indexInfo":{"baseKey":"BdAGSfIcw2+QB78B9QxCbPbdfkq7kftPvuYl4FzgJ7sA","baseKeyType":1,"closed":1746089137344,"used":1746089136834,"created":1746089136834,"remoteIdentityKey":"BYFXfR/jmU6aF13Qo/C3vRMdLWkwkzjjoRMYhDninOlX"},"_chains":{"BbPDuc9duTsPJcZSqp7XHV5VnD6FhPFD/Fe9c2bCA4pR":{"chainKey":{"counter":-1,"key":"ZxNLfpSiXw+WYeZDSZMP5iJqU2ixo150UQr77kpnsJI="},"chainType":1,"messageKeys":{}}},"pendingPreKey":{"signedKeyId":0,"baseKey":"BdAGSfIcw2+QB78B9QxCbPbdfkq7kftPvuYl4FzgJ7sA","preKeyId":11868169}},"BdBf0kFVM+BmazNnMAuY6m1gv6/RBU8WcO0/xBpcyBoH":{"registrationId":1099218366,"currentRatchet":{"ephemeralKeyPair":{"pubKey":"BZobfFSaQW40MjbZKgqJRqHJJmKyb0q5oFX+VhNeQokZ","privKey":"uHyjesdAuYcO+E09LCiHV409MKbC1pT38jbpJvi7HmA="},"lastRemoteEphemeralKey":"BYRxnqcXms7ihK6r+4fWpVJdOi1g0DnRJkpWcRD1hW53","previousCounter":0,"rootKey":"NMyGFh24LwHl7s61C4mlGhtxQdHir35J/FP0HQn77ck="},"indexInfo":{"baseKey":"BdBf0kFVM+BmazNnMAuY6m1gv6/RBU8WcO0/xBpcyBoH","baseKeyType":1,"closed":1746089137884,"used":1746089137337,"created":1746089137337,"remoteIdentityKey":"BYFXfR/jmU6aF13Qo/C3vRMdLWkwkzjjoRMYhDninOlX"},"_chains":{"BZobfFSaQW40MjbZKgqJRqHJJmKyb0q5oFX+VhNeQokZ":{"chainKey":{"counter":-1,"key":"Uou7XxLRTqCB7tpVhDZpFgZZ88ZTydqN47SjdRRpgAI="},"chainType":1,"messageKeys":{}}},"pendingPreKey":{"signedKeyId":0,"baseKey":"BdBf0kFVM+BmazNnMAuY6m1gv6/RBU8WcO0/xBpcyBoH","preKeyId":11868263}},"BW+cHcDO9OBhBKe4td76I4bNI/vxolxuXDRhGi1ZxkpF":{"registrationId":1099218366,"currentRatchet":{"ephemeralKeyPair":{"pubKey":"Bfb1w2v6bjBAUAUt0B+qYKOGnLQCZRbe7DH9AW6UDZ8L","privKey":"gCRqm6QROq9tnAoOnX0NaP4B50oErItV8a19Ek7xTW4="},"lastRemoteEphemeralKey":"BYRxnqcXms7ihK6r+4fWpVJdOi1g0DnRJkpWcRD1hW53","previousCounter":0,"rootKey":"g6FuN20sn/63rX4Xg1sFrLvo1di5N1TMF+qe5xA/fyA="},"indexInfo":{"baseKey":"BW+cHcDO9OBhBKe4td76I4bNI/vxolxuXDRhGi1ZxkpF","baseKeyType":1,"closed":1746089138410,"used":1746089137880,"created":1746089137880,"remoteIdentityKey":"BYFXfR/jmU6aF13Qo/C3vRMdLWkwkzjjoRMYhDninOlX"},"_chains":{"Bfb1w2v6bjBAUAUt0B+qYKOGnLQCZRbe7DH9AW6UDZ8L":{"chainKey":{"counter":-1,"key":"/4h43BfZirZVooypiZA4zH6QmaX02dmxEVM3ayPXp4M="},"chainType":1,"messageKeys":{}}},"pendingPreKey":{"signedKeyId":0,"baseKey":"BW+cHcDO9OBhBKe4td76I4bNI/vxolxuXDRhGi1ZxkpF","preKeyId":11868245}},"BbHJX31PTZuicGvLKFEVmaA0i8GbgvSu9Opn2VN4h/9s":{"registrationId":1099218366,"currentRatchet":{"ephemeralKeyPair":{"pubKey":"BWDSMw4OIW/va2RtBBCxr1/ffB6TiL0cZG6NnW7kbyVR","privKey":"MD8FJ+8aPV5chK5QZy/VF0RpaeWuRDadyc0Uz89t+0w="},"lastRemoteEphemeralKey":"BYRxnqcXms7ihK6r+4fWpVJdOi1g0DnRJkpWcRD1hW53","previousCounter":0,"rootKey":"E1m9kgWLf9p4J6fmlJK4kBVqKQkLr6AEPXdajwwZ0Qk="},"indexInfo":{"baseKey":"BbHJX31PTZuicGvLKFEVmaA0i8GbgvSu9Opn2VN4h/9s","baseKeyType":1,"closed":1746089138923,"used":1746089138401,"created":1746089138401,"remoteIdentityKey":"BYFXfR/jmU6aF13Qo/C3vRMdLWkwkzjjoRMYhDninOlX"},"_chains":{"BWDSMw4OIW/va2RtBBCxr1/ffB6TiL0cZG6NnW7kbyVR":{"chainKey":{"counter":-1,"key":"YapA+Coofuyjck9WM/vEbYeV8H8/HVHRRvFAkE39IgY="},"chainType":1,"messageKeys":{}}},"pendingPreKey":{"signedKeyId":0,"baseKey":"BbHJX31PTZuicGvLKFEVmaA0i8GbgvSu9Opn2VN4h/9s","preKeyId":11868209}},"BX9ksBsWR4vxBPBzZ4UVyxzE8keUg5NcgXLh+Z8/BAUQ":{"registrationId":1099218366,"currentRatchet":{"ephemeralKeyPair":{"pubKey":"BRDNVoiVpHdh78el7TxvmpIN3MsTB0klf0dgVYggDDRR","privKey":"aJmgxxjfoQAroTUobSS9IgccAHd/EGyADa21Yo0qBkw="},"lastRemoteEphemeralKey":"BYRxnqcXms7ihK6r+4fWpVJdOi1g0DnRJkpWcRD1hW53","previousCounter":0,"rootKey":"FcKo5/Yy1Pc1EYLYLlbZw1wZIJ1rlf6ANcLt/uEaSB0="},"indexInfo":{"baseKey":"BX9ksBsWR4vxBPBzZ4UVyxzE8keUg5NcgXLh+Z8/BAUQ","baseKeyType":1,"closed":1746089139407,"used":1746089138919,"created":1746089138919,"remoteIdentityKey":"BYFXfR/jmU6aF13Qo/C3vRMdLWkwkzjjoRMYhDninOlX"},"_chains":{"BRDNVoiVpHdh78el7TxvmpIN3MsTB0klf0dgVYggDDRR":{"chainKey":{"counter":-1,"key":"JQxjyoB5uDzkqeANYjQ448blT5pAi1/TBVPChziwK/8="},"chainType":1,"messageKeys":{}}},"pendingPreKey":{"signedKeyId":0,"baseKey":"BX9ksBsWR4vxBPBzZ4UVyxzE8keUg5NcgXLh+Z8/BAUQ","preKeyId":11868212}},"BYymPEuyEczRBFwft+yYWRp+q9+MUG9L/nUKxqz7ELNw":{"registrationId":1099218366,"currentRatchet":{"ephemeralKeyPair":{"pubKey":"BQaFei2iCqUfVJ3Vtwdn0RQSHTn7o3p5IqOQBvR9dJNN","privKey":"gFREaM25oIxL6mQKrUuWc3EqkFCp5ewxn56XIsTwunQ="},"lastRemoteEphemeralKey":"BYRxnqcXms7ihK6r+4fWpVJdOi1g0DnRJkpWcRD1hW53","previousCounter":0,"rootKey":"ip1kvoVKeEOemwa1nxsPIUX+9VMK4Gxx2DRzyGAZ2Js="},"indexInfo":{"baseKey":"BYymPEuyEczRBFwft+yYWRp+q9+MUG9L/nUKxqz7ELNw","baseKeyType":1,"closed":1746089139922,"used":1746089139400,"created":1746089139400,"remoteIdentityKey":"BYFXfR/jmU6aF13Qo/C3vRMdLWkwkzjjoRMYhDninOlX"},"_chains":{"BQaFei2iCqUfVJ3Vtwdn0RQSHTn7o3p5IqOQBvR9dJNN":{"chainKey":{"counter":-1,"key":"AfahFSpX+RtUVTtXz73/msCN+kZsLuuq5vB42FqGBfo="},"chainType":1,"messageKeys":{}}},"pendingPreKey":{"signedKeyId":0,"baseKey":"BYymPEuyEczRBFwft+yYWRp+q9+MUG9L/nUKxqz7ELNw","preKeyId":11868307}},"BUTVSSBhH48LaMD63aZWsJJDv7BHU4BkyoT1PKkoRDQv":{"registrationId":1099218366,"currentRatchet":{"ephemeralKeyPair":{"pubKey":"BaphjEC6VUmW9Aj4UqGADZp1Lzpyx61r42o4BojQcY98","privKey":"sEdVjVtFZqNXsVVkfAJNUHBKWJLuoVVNAWExvrIr230="},"lastRemoteEphemeralKey":"BYRxnqcXms7ihK6r+4fWpVJdOi1g0DnRJkpWcRD1hW53","previousCounter":0,"rootKey":"Q4O2UXC/TeMbQKVm2ar+xY3JvN35xoZEFP7dBZ3OKYw="},"indexInfo":{"baseKey":"BUTVSSBhH48LaMD63aZWsJJDv7BHU4BkyoT1PKkoRDQv","baseKeyType":1,"closed":1746089141945,"used":1746089139918,"created":1746089139918,"remoteIdentityKey":"BYFXfR/jmU6aF13Qo/C3vRMdLWkwkzjjoRMYhDninOlX"},"_chains":{"BaphjEC6VUmW9Aj4UqGADZp1Lzpyx61r42o4BojQcY98":{"chainKey":{"counter":-1,"key":"zEs+lR/G6Wjkt+D7YRM3nI6lSr6WV78IPQWFUNdqr+I="},"chainType":1,"messageKeys":{}}},"pendingPreKey":{"signedKeyId":0,"baseKey":"BUTVSSBhH48LaMD63aZWsJJDv7BHU4BkyoT1PKkoRDQv","preKeyId":11868290}},"BRDQqxDiyKmHlkjCTPUfITNG3fxwpRVBY3GQsKqmIrdF":{"registrationId":1099218366,"currentRatchet":{"ephemeralKeyPair":{"pubKey":"BaFEz7SaF5kVJZQknJEzyHJ0g3R4f/qcDQjz/3kn+SEc","privKey":"2PgChvvjPP5H0Gm891grwtRKSgnW/VpqFXS3o+Z1JH8="},"lastRemoteEphemeralKey":"BYRxnqcXms7ihK6r+4fWpVJdOi1g0DnRJkpWcRD1hW53","previousCounter":0,"rootKey":"8II7iVD8GU0jRoomQbGho8jSfRMPJqHZeShAR3nCAxY="},"indexInfo":{"baseKey":"BRDQqxDiyKmHlkjCTPUfITNG3fxwpRVBY3GQsKqmIrdF","baseKeyType":1,"closed":1746089142454,"used":1746089141943,"created":1746089141943,"remoteIdentityKey":"BYFXfR/jmU6aF13Qo/C3vRMdLWkwkzjjoRMYhDninOlX"},"_chains":{"BaFEz7SaF5kVJZQknJEzyHJ0g3R4f/qcDQjz/3kn+SEc":{"chainKey":{"counter":-1,"key":"M4ztKw6307b7j+4GiC35/Eix9AHgEWqnYTdf242aWCM="},"chainType":1,"messageKeys":{}}},"pendingPreKey":{"signedKeyId":0,"baseKey":"BRDQqxDiyKmHlkjCTPUfITNG3fxwpRVBY3GQsKqmIrdF","preKeyId":11868359}},"BTTRTWOHanDIQH1Z86HN1J9Qei/LSPxWyBIyNTbqmElV":{"registrationId":1099218366,"currentRatchet":{"ephemeralKeyPair":{"pubKey":"BRRZzPdgA1Ei+r3aNJwtzK6yTQdMkpBV7OPz7HYVDXcV","privKey":"QMNsHaHU/ozQzSnwAmdrTp/qJTpSzm3W07MY+6tMnmo="},"lastRemoteEphemeralKey":"BYRxnqcXms7ihK6r+4fWpVJdOi1g0DnRJkpWcRD1hW53","previousCounter":0,"rootKey":"2/3lyMY5m2TTZr6IKSOfpjltFqWPCiDvXZTvajq4YGY="},"indexInfo":{"baseKey":"BTTRTWOHanDIQH1Z86HN1J9Qei/LSPxWyBIyNTbqmElV","baseKeyType":1,"closed":1746089142974,"used":1746089142448,"created":1746089142448,"remoteIdentityKey":"BYFXfR/jmU6aF13Qo/C3vRMdLWkwkzjjoRMYhDninOlX"},"_chains":{"BRRZzPdgA1Ei+r3aNJwtzK6yTQdMkpBV7OPz7HYVDXcV":{"chainKey":{"counter":-1,"key":"glCNQsmihD819lX6KumLQv4dn21ppsS6ytXFVTuVmV4="},"chainType":1,"messageKeys":{}}},"pendingPreKey":{"signedKeyId":0,"baseKey":"BTTRTWOHanDIQH1Z86HN1J9Qei/LSPxWyBIyNTbqmElV","preKeyId":11868302}},"Bd83bQR5PhbLfvNfKhq9l+ItNGvX4/M1OyEyt/risRE7":{"registrationId":1099218366,"currentRatchet":{"ephemeralKeyPair":{"pubKey":"BY7TbUeAUk9/qLvChhhJzXqaI0BnJOGf864Qr6kaN8hE","privKey":"UAkngIVN33Xz6pNOvwziuI1nquTwGYiJkg6GwwyZK1g="},"lastRemoteEphemeralKey":"BYRxnqcXms7ihK6r+4fWpVJdOi1g0DnRJkpWcRD1hW53","previousCounter":0,"rootKey":"bb9H3MqF5amECJHvzsrXCcWYPtsEhNa7msCaPTMWP8k="},"indexInfo":{"baseKey":"Bd83bQR5PhbLfvNfKhq9l+ItNGvX4/M1OyEyt/risRE7","baseKeyType":1,"closed":1746089143531,"used":1746089142970,"created":1746089142970,"remoteIdentityKey":"BYFXfR/jmU6aF13Qo/C3vRMdLWkwkzjjoRMYhDninOlX"},"_chains":{"BY7TbUeAUk9/qLvChhhJzXqaI0BnJOGf864Qr6kaN8hE":{"chainKey":{"counter":-1,"key":"8nbyj6RGaCOACwhtRNq0pK7g4mVKCe7fj065i4/fS+s="},"chainType":1,"messageKeys":{}}},"pendingPreKey":{"signedKeyId":0,"baseKey":"Bd83bQR5PhbLfvNfKhq9l+ItNGvX4/M1OyEyt/risRE7","preKeyId":11868351}},"BS42XunW6lQCyF830LQkdDVraiy4XoE7KHM/iS1hFYFf":{"registrationId":1099218366,"currentRatchet":{"ephemeralKeyPair":{"pubKey":"BfYmo4qmxnnYMcjmHXmD38IACa9Fv6tS3Ty0dgpRWQsU","privKey":"CH0o9FEOHLZDdvVmrSKHPVsSwaeIqq4VopVKlPhVf1A="},"lastRemoteEphemeralKey":"BYRxnqcXms7ihK6r+4fWpVJdOi1g0DnRJkpWcRD1hW53","previousCounter":0,"rootKey":"V4P364Sbqt66fZWfcgI6+fE1J/s4Pthn8kCQmpsiHtU="},"indexInfo":{"baseKey":"BS42XunW6lQCyF830LQkdDVraiy4XoE7KHM/iS1hFYFf","baseKeyType":1,"closed":1746089144047,"used":1746089143523,"created":1746089143523,"remoteIdentityKey":"BYFXfR/jmU6aF13Qo/C3vRMdLWkwkzjjoRMYhDninOlX"},"_chains":{"BfYmo4qmxnnYMcjmHXmD38IACa9Fv6tS3Ty0dgpRWQsU":{"chainKey":{"counter":-1,"key":"9kYTq+OH0SnzbIcOdnZw1FRSE3Ml7JsX7vnGd6e1K4k="},"chainType":1,"messageKeys":{}}},"pendingPreKey":{"signedKeyId":0,"baseKey":"BS42XunW6lQCyF830LQkdDVraiy4XoE7KHM/iS1hFYFf","preKeyId":11868211}},"BRFCGcgj6EmKz0VIaKZM2oYTPB+XDCaLCTC1fZE01xUA":{"registrationId":1099218366,"currentRatchet":{"ephemeralKeyPair":{"pubKey":"BVCN79O1MOB/mRUBAu2RG1OKWhp+E2eL4WtgETOh5slt","privKey":"eOoYKuLwfMJg6AatCidlSt3WxiWHTXLyVnnlW1xrhEc="},"lastRemoteEphemeralKey":"BYRxnqcXms7ihK6r+4fWpVJdOi1g0DnRJkpWcRD1hW53","previousCounter":0,"rootKey":"nE0tDLC3H0EZVrtfTNzxsPlpjJXKKbdpUame5HXAYoI="},"indexInfo":{"baseKey":"BRFCGcgj6EmKz0VIaKZM2oYTPB+XDCaLCTC1fZE01xUA","baseKeyType":1,"closed":1746089144586,"used":1746089144039,"created":1746089144039,"remoteIdentityKey":"BYFXfR/jmU6aF13Qo/C3vRMdLWkwkzjjoRMYhDninOlX"},"_chains":{"BVCN79O1MOB/mRUBAu2RG1OKWhp+E2eL4WtgETOh5slt":{"chainKey":{"counter":-1,"key":"YutuvyhV5bBSmWAg8pEqpjt437dzcmi5yHbKXPQWBR4="},"chainType":1,"messageKeys":{}}},"pendingPreKey":{"signedKeyId":0,"baseKey":"BRFCGcgj6EmKz0VIaKZM2oYTPB+XDCaLCTC1fZE01xUA","preKeyId":11868334}},"BWMzcmfw0GVTRY/qVdA6QF/uAeW9pPTBDS6RROZTU3gQ":{"registrationId":1099218366,"currentRatchet":{"ephemeralKeyPair":{"pubKey":"BQMYYC8+vS8j3ELNfV8M2cFhC59E3svisivNovApd3xV","privKey":"wAIuXcVO+b9L0tsEsqLAf3Op0VahSqdwtyaFOw5Oinc="},"lastRemoteEphemeralKey":"BYRxnqcXms7ihK6r+4fWpVJdOi1g0DnRJkpWcRD1hW53","previousCounter":0,"rootKey":"zGKtPlvZfOIH76TxwqZ3RwehGwRTkmfTRe6LC96UJ9s="},"indexInfo":{"baseKey":"BWMzcmfw0GVTRY/qVdA6QF/uAeW9pPTBDS6RROZTU3gQ","baseKeyType":1,"closed":1746089150632,"used":1746089144571,"created":1746089144571,"remoteIdentityKey":"BYFXfR/jmU6aF13Qo/C3vRMdLWkwkzjjoRMYhDninOlX"},"_chains":{"BQMYYC8+vS8j3ELNfV8M2cFhC59E3svisivNovApd3xV":{"chainKey":{"counter":-1,"key":"ZHgLqPIqCWH4TBFHk/bSBg7KQz5B2aHpEdlMtjqjr2w="},"chainType":1,"messageKeys":{}}},"pendingPreKey":{"signedKeyId":0,"baseKey":"BWMzcmfw0GVTRY/qVdA6QF/uAeW9pPTBDS6RROZTU3gQ","preKeyId":11868262}},"BWwdsaRffcBKG9+GIBRcYtKgbnskBmlivb/AWttfn7kR":{"registrationId":1099218366,"currentRatchet":{"ephemeralKeyPair":{"pubKey":"BcNWFvbsAkZ7x6iN8AMkm33T8wDB6Jd8l599RDthVWRB","privKey":"uHqH6+FbDsLt/3FHdr/MWdQ2IFeJyvhPmLMgNrt4Jmk="},"lastRemoteEphemeralKey":"BYRxnqcXms7ihK6r+4fWpVJdOi1g0DnRJkpWcRD1hW53","previousCounter":0,"rootKey":"BczbB0IFgY6qDVVYvsXQ6tO6qBBaAH2VSmkmM0r+PjQ="},"indexInfo":{"baseKey":"BWwdsaRffcBKG9+GIBRcYtKgbnskBmlivb/AWttfn7kR","baseKeyType":1,"closed":1746089151171,"used":1746089150625,"created":1746089150625,"remoteIdentityKey":"BYFXfR/jmU6aF13Qo/C3vRMdLWkwkzjjoRMYhDninOlX"},"_chains":{"BcNWFvbsAkZ7x6iN8AMkm33T8wDB6Jd8l599RDthVWRB":{"chainKey":{"counter":-1,"key":"LhunLqj0nkiR8q0DSvpmeLd20F/ZxbwdUacxyCMAx3I="},"chainType":1,"messageKeys":{}}},"pendingPreKey":{"signedKeyId":0,"baseKey":"BWwdsaRffcBKG9+GIBRcYtKgbnskBmlivb/AWttfn7kR","preKeyId":11868392}},"BeOE6Qv1NeGKgtB+GwnLoqrsTv6UhYfzTS/3hGKxdklv":{"registrationId":1099218366,"currentRatchet":{"ephemeralKeyPair":{"pubKey":"BfAk5c6a64lbQiz9GkcW7HatrjpI2/+aAlmk51X+O2Y2","privKey":"cKGCkxU0MREkNn2LRTtlaeCAWFozjki9WPvCInhQeEo="},"lastRemoteEphemeralKey":"BYRxnqcXms7ihK6r+4fWpVJdOi1g0DnRJkpWcRD1hW53","previousCounter":0,"rootKey":"/fiPjn1MINOcD6Uy6dmpWrwULFmIYhPgqw6Mj/Wfa38="},"indexInfo":{"baseKey":"BeOE6Qv1NeGKgtB+GwnLoqrsTv6UhYfzTS/3hGKxdklv","baseKeyType":1,"closed":1746089151685,"used":1746089151169,"created":1746089151169,"remoteIdentityKey":"BYFXfR/jmU6aF13Qo/C3vRMdLWkwkzjjoRMYhDninOlX"},"_chains":{"BfAk5c6a64lbQiz9GkcW7HatrjpI2/+aAlmk51X+O2Y2":{"chainKey":{"counter":-1,"key":"F4RbljTMMdHABwp+4a5mlQb4hcLXTcccRTk4HYCqm90="},"chainType":1,"messageKeys":{}}},"pendingPreKey":{"signedKeyId":0,"baseKey":"BeOE6Qv1NeGKgtB+GwnLoqrsTv6UhYfzTS/3hGKxdklv","preKeyId":11868345}},"BeloSdDNuIyN6UwALLCobU2/nR1Cg4T/7PEoNixpkoAW":{"registrationId":1099218366,"currentRatchet":{"ephemeralKeyPair":{"pubKey":"BYbeSORe+0GCSuAsp6YctIh55HxBP8NtFFP0OooY4CcF","privKey":"wGtPpC3nw+RjosUFQ3WRJ0ezM6JNa5j09E7+u97j3G8="},"lastRemoteEphemeralKey":"BYRxnqcXms7ihK6r+4fWpVJdOi1g0DnRJkpWcRD1hW53","previousCounter":0,"rootKey":"ezeqf6Bk4Qm9t2weooSUMxirFFFEZEqhXBfLX416NzY="},"indexInfo":{"baseKey":"BeloSdDNuIyN6UwALLCobU2/nR1Cg4T/7PEoNixpkoAW","baseKeyType":1,"closed":1746089152209,"used":1746089151681,"created":1746089151681,"remoteIdentityKey":"BYFXfR/jmU6aF13Qo/C3vRMdLWkwkzjjoRMYhDninOlX"},"_chains":{"BYbeSORe+0GCSuAsp6YctIh55HxBP8NtFFP0OooY4CcF":{"chainKey":{"counter":-1,"key":"dB7u8e9jgY5EvQ2VWJLSsstnD9tuskTNqbj7Wbjz8AI="},"chainType":1,"messageKeys":{}}},"pendingPreKey":{"signedKeyId":0,"baseKey":"BeloSdDNuIyN6UwALLCobU2/nR1Cg4T/7PEoNixpkoAW","preKeyId":11868423}},"BZ6f6+IoxK7DofZ0XNCtp4+lhCEVncE+Q+WnlAxol+ET":{"registrationId":1099218366,"currentRatchet":{"ephemeralKeyPair":{"pubKey":"BaaU7RTSB78m9bOBQvpl+hVXU5JBtmDx8gEwcehaAyto","privKey":"WHJ/pJSh7I203XU5CroAQQkpCTI+B66vxRYvf6JmIEI="},"lastRemoteEphemeralKey":"BYRxnqcXms7ihK6r+4fWpVJdOi1g0DnRJkpWcRD1hW53","previousCounter":0,"rootKey":"MoNxgdmuomaJ3CmvqhmjjWTg25Cq4VXB+W42HKWsVPI="},"indexInfo":{"baseKey":"BZ6f6+IoxK7DofZ0XNCtp4+lhCEVncE+Q+WnlAxol+ET","baseKeyType":1,"closed":1746089152712,"used":1746089152205,"created":1746089152205,"remoteIdentityKey":"BYFXfR/jmU6aF13Qo/C3vRMdLWkwkzjjoRMYhDninOlX"},"_chains":{"BaaU7RTSB78m9bOBQvpl+hVXU5JBtmDx8gEwcehaAyto":{"chainKey":{"counter":-1,"key":"ffce5TxBvMRcaXKG5QEJ8dn7eNkyMzNL2wlPh8Is/pA="},"chainType":1,"messageKeys":{}}},"pendingPreKey":{"signedKeyId":0,"baseKey":"BZ6f6+IoxK7DofZ0XNCtp4+lhCEVncE+Q+WnlAxol+ET","preKeyId":11868254}},"BafGu92DqRuOoaQbVu2yclYOVWncDW5xLatnuOLOEOYR":{"registrationId":1099218366,"currentRatchet":{"ephemeralKeyPair":{"pubKey":"BXQaevNV+yUVFR62ykKd05fJTnaRQVtsidboStlNcRQF","privKey":"oJy2jjyjTydTDrVhytIz7+N+xbprnsIBuQGBCJsaHmI="},"lastRemoteEphemeralKey":"BYRxnqcXms7ihK6r+4fWpVJdOi1g0DnRJkpWcRD1hW53","previousCounter":0,"rootKey":"HFaSgUuaRIX4HrZDcDCzVJY3AnQFUF5gI+6Iwwh6Zog="},"indexInfo":{"baseKey":"BafGu92DqRuOoaQbVu2yclYOVWncDW5xLatnuOLOEOYR","baseKeyType":1,"closed":1746089153204,"used":1746089152698,"created":1746089152698,"remoteIdentityKey":"BYFXfR/jmU6aF13Qo/C3vRMdLWkwkzjjoRMYhDninOlX"},"_chains":{"BXQaevNV+yUVFR62ykKd05fJTnaRQVtsidboStlNcRQF":{"chainKey":{"counter":-1,"key":"MiTWmKUV75uUKhJ9r+TQL3CCaCOXl8KBnnYU1OQzWRM="},"chainType":1,"messageKeys":{}}},"pendingPreKey":{"signedKeyId":0,"baseKey":"BafGu92DqRuOoaQbVu2yclYOVWncDW5xLatnuOLOEOYR","preKeyId":11868139}},"BdiNuzL4/OmxoAzUHbSVX+C2STRVk1os1yKQI6Mp/X0o":{"registrationId":1099218366,"currentRatchet":{"ephemeralKeyPair":{"pubKey":"Ba1GzUyo2MtmYoEPFu7hjwQIbwuy3HxUCLRtqs1Tpt4l","privKey":"MMwmd2SVn4OinbpJfUUYJuT4DLrqMkK0hFkRcMyoMkU="},"lastRemoteEphemeralKey":"BYRxnqcXms7ihK6r+4fWpVJdOi1g0DnRJkpWcRD1hW53","previousCounter":0,"rootKey":"1idCvd/Mhcd54tZN3WDb5N/R5gmGRJ8VWR7y7WxAh/M="},"indexInfo":{"baseKey":"BdiNuzL4/OmxoAzUHbSVX+C2STRVk1os1yKQI6Mp/X0o","baseKeyType":1,"closed":1746089153708,"used":1746089153201,"created":1746089153201,"remoteIdentityKey":"BYFXfR/jmU6aF13Qo/C3vRMdLWkwkzjjoRMYhDninOlX"},"_chains":{"Ba1GzUyo2MtmYoEPFu7hjwQIbwuy3HxUCLRtqs1Tpt4l":{"chainKey":{"counter":-1,"key":"/GsxepYFUZsvXwuzGYhZC2JZQzWIZa6Wbj4/jCUop1w="},"chainType":1,"messageKeys":{}}},"pendingPreKey":{"signedKeyId":0,"baseKey":"BdiNuzL4/OmxoAzUHbSVX+C2STRVk1os1yKQI6Mp/X0o","preKeyId":11868260}},"BSFhdePNJ4JXNcktx/2WSEO2R235dAlpzww+sT7xRoIx":{"registrationId":1099218366,"currentRatchet":{"ephemeralKeyPair":{"pubKey":"BVvAkjDEZHIUGJG8msNyMWDNAp7GYQSctWSH5bgUf/AZ","privKey":"2Bt5tD5DA3agN6bqQCHXMfE0ZPXQcnv/0QtUJ0hmn2U="},"lastRemoteEphemeralKey":"BYRxnqcXms7ihK6r+4fWpVJdOi1g0DnRJkpWcRD1hW53","previousCounter":0,"rootKey":"dufFZ4prSt+yCCU7pdhdwJ0izdDS103EvQqgDkP+OmA="},"indexInfo":{"baseKey":"BSFhdePNJ4JXNcktx/2WSEO2R235dAlpzww+sT7xRoIx","baseKeyType":1,"closed":1746089154413,"used":1746089153704,"created":1746089153704,"remoteIdentityKey":"BYFXfR/jmU6aF13Qo/C3vRMdLWkwkzjjoRMYhDninOlX"},"_chains":{"BVvAkjDEZHIUGJG8msNyMWDNAp7GYQSctWSH5bgUf/AZ":{"chainKey":{"counter":-1,"key":"l14s9ErSG/dVwj903FLWyiRBcv7Z04yP6V36hwwqqfY="},"chainType":1,"messageKeys":{}}},"pendingPreKey":{"signedKeyId":0,"baseKey":"BSFhdePNJ4JXNcktx/2WSEO2R235dAlpzww+sT7xRoIx","preKeyId":11868440}},"BdSO+KKGhlIo2K1U9KqatgtsvEq7jMFBDcQ5oJfoHNQc":{"registrationId":1099218366,"currentRatchet":{"ephemeralKeyPair":{"pubKey":"BWFVU5gde53QJqbZ1auem0oGz75p52kpezncyvqsKwp4","privKey":"eKjSgS9AkxHD7LhFsz2O1Gjkf4NqFRmuTzAocn1PcGA="},"lastRemoteEphemeralKey":"BYRxnqcXms7ihK6r+4fWpVJdOi1g0DnRJkpWcRD1hW53","previousCounter":0,"rootKey":"SNYblHrGVZrQt6WE4LitGRG89CWFXxFlepxEOZsFeK0="},"indexInfo":{"baseKey":"BdSO+KKGhlIo2K1U9KqatgtsvEq7jMFBDcQ5oJfoHNQc","baseKeyType":1,"closed":-1,"used":1746089154410,"created":1746089154410,"remoteIdentityKey":"BYFXfR/jmU6aF13Qo/C3vRMdLWkwkzjjoRMYhDninOlX"},"_chains":{"BWFVU5gde53QJqbZ1auem0oGz75p52kpezncyvqsKwp4":{"chainKey":{"counter":5,"key":"Xp1N7GYfNKvvelOB4Cw1HUOK3sCtv8ABAop3E95E0a0="},"chainType":1,"messageKeys":{}}},"pendingPreKey":{"signedKeyId":0,"baseKey":"BdSO+KKGhlIo2K1U9KqatgtsvEq7jMFBDcQ5oJfoHNQc","preKeyId":11868289}}},"version":"v1"}