{"_sessions":{"BSSq4SUtjfECV8BdN9BAmX8hYB5M2FI52OlphUHQIzUT":{"registrationId":237577459,"currentRatchet":{"ephemeralKeyPair":{"pubKey":"BfocoFMXpJdQKM5b7G4isxCjGf78Z00ZpB8I1UOOFORu","privKey":"kJDuS21Cb/qEYNOJ53eQtf3wgEUF7CXDdCCQG2XdIlw="},"lastRemoteEphemeralKey":"BaztHd96M+UMKTZKVfQfOUwyIveC5reuseCbRj1SyKN6","previousCounter":0,"rootKey":"bNjdeVjhhQCJ1y89+IoKorLFlryXBohJgBA2YXcVIbs="},"indexInfo":{"baseKey":"BSSq4SUtjfECV8BdN9BAmX8hYB5M2FI52OlphUHQIzUT","baseKeyType":1,"closed":-1,"used":1746105094200,"created":1746105094200,"remoteIdentityKey":"BRXoPflXfko6PeVJijnQij6Su6+23FAzUnUde6vODTEL"},"_chains":{"BfocoFMXpJdQKM5b7G4isxCjGf78Z00ZpB8I1UOOFORu":{"chainKey":{"counter":0,"key":"PHU4yofcATzqsD1IhnDot5XU/6OoXWYaFKG9UhosM4s="},"chainType":1,"messageKeys":{}}},"pendingPreKey":{"signedKeyId":12,"baseKey":"BSSq4SUtjfECV8BdN9BAmX8hYB5M2FI52OlphUHQIzUT","preKeyId":15690735}}},"version":"v1"}