{"_sessions":{"BXVoQfhcDzdpOY4LCJLGxDpRBEh8C4QJczCZSGVcJAUU":{"registrationId":1786692073,"currentRatchet":{"ephemeralKeyPair":{"pubKey":"BcgNVZN8SMS390MspTxFdMoOFLBe+9F30Vn5roUv5wwR","privKey":"UORluCaoUnwSDxj3lgIu9RopBBPvofNuWUJ+5XbjUHU="},"lastRemoteEphemeralKey":"BYJDEnB81aUrqYP5QDytDjPCfXr1uXw2i8NVkPbj2Xxt","previousCounter":0,"rootKey":"0sy+GW+I9J8b0O9LVQYamZ5hp1WBHmqwm4lT01LKUiU="},"indexInfo":{"baseKey":"BXVoQfhcDzdpOY4LCJLGxDpRBEh8C4QJczCZSGVcJAUU","baseKeyType":1,"closed":-1,"used":1746087839590,"created":1746085499114,"remoteIdentityKey":"BVNgKDsXx7YDhEARmxpsYZw8griKY3kVzZAwg1wzfCU+"},"_chains":{"BYJDEnB81aUrqYP5QDytDjPCfXr1uXw2i8NVkPbj2Xxt":{"chainKey":{"counter":1,"key":"abUCC9+qgvLp4c29NXQmRlt5+RmOuK6zuEMnVSHiaWU="},"chainType":2,"messageKeys":{}},"BcgNVZN8SMS390MspTxFdMoOFLBe+9F30Vn5roUv5wwR":{"chainKey":{"counter":6,"key":"uYggLg0mw6jqZylCjGrburPNfyamc37PsSVXL7pbzcU="},"chainType":1,"messageKeys":{}}}}},"version":"v1"}