{"_sessions":{"BRAssyqYnahlFg5nBfpeEOcqwcaFsWkvHAHi2ZVC5vZi":{"registrationId":684068931,"currentRatchet":{"ephemeralKeyPair":{"pubKey":"Bf7Azg7WkGUa1nx1SpHk5I3J6YFkLgXkF8syULrIBFs7","privKey":"+LhQyLfQewlS8g7t5OYRYa+oEEC9ELrvh1krGy3r6UE="},"lastRemoteEphemeralKey":"BV7Evco6qw8E9TkFJTk8rv1gwzbtftekacGNdn0ca7gc","previousCounter":0,"rootKey":"s/2Wg51HS1ALYNku89pdw7FV3kfo4XUmaQdaIpGAsBw="},"indexInfo":{"baseKey":"BRAssyqYnahlFg5nBfpeEOcqwcaFsWkvHAHi2ZVC5vZi","baseKeyType":1,"closed":-1,"used":1746087842970,"created":1746085499088,"remoteIdentityKey":"BaS2EtS9rvAhZ+Av6ZZW7oUgtuOV04HJMOglX2O870sk"},"_chains":{"BV7Evco6qw8E9TkFJTk8rv1gwzbtftekacGNdn0ca7gc":{"chainKey":{"counter":1,"key":"AR9BLcGocrhF/IEKYdgNdnvx5Avrgl6hYziB1b4Pa9I="},"chainType":2,"messageKeys":{}},"Bf7Azg7WkGUa1nx1SpHk5I3J6YFkLgXkF8syULrIBFs7":{"chainKey":{"counter":6,"key":"cPGzFQ7QFqnaZ2rBdXnX7Uha6fPsUjcuUUsGONJMaow="},"chainType":1,"messageKeys":{}}}}},"version":"v1"}