{"_sessions":{"Be+oeJUTjIg4jHGl6faYjo4XdBGb1/c9Mm0niWqGHQk2":{"registrationId":1608266635,"currentRatchet":{"ephemeralKeyPair":{"pubKey":"BT9GnNR1E2EATv6Ur+NDSr2xZ3J5ZYHcbvcTE/qNEucA","privKey":"SFvjkzZV1zaORmrMp+LbzJ20WsVXVrofLBTJU0/xUl0="},"lastRemoteEphemeralKey":"BY1Bu8U4lveQrO8j+nxeAJCrcUf5WREwlNss5wF8oQ5/","previousCounter":0,"rootKey":"1XIJZ/KUkaUCIGXqtelWoKoYH2LBKN0gicG1PpqVTq8="},"indexInfo":{"baseKey":"Be+oeJUTjIg4jHGl6faYjo4XdBGb1/c9Mm0niWqGHQk2","baseKeyType":1,"closed":-1,"used":1746104067863,"created":1746104067863,"remoteIdentityKey":"BQGW6cGbaL7bpuF2QFDvMrlRRmGMaqsBKdDfQNGRAhkl"},"_chains":{"BT9GnNR1E2EATv6Ur+NDSr2xZ3J5ZYHcbvcTE/qNEucA":{"chainKey":{"counter":0,"key":"ObdSN3RLrs2IeEn8il7QpAjWlFEgRgAdUmeCUUG1NaI="},"chainType":1,"messageKeys":{}}},"pendingPreKey":{"signedKeyId":1,"baseKey":"Be+oeJUTjIg4jHGl6faYjo4XdBGb1/c9Mm0niWqGHQk2","preKeyId":2756262}}},"version":"v1"}