{"_sessions":{"Bd9u4fsarlknIHZ7+WnL5KSQQCvT4XrR+akAeDItk35x":{"registrationId":982627563,"currentRatchet":{"ephemeralKeyPair":{"pubKey":"BaoiKksHMDnacQAFhwrj3T+GYFGA7wcTKZkc7Bbe+JYM","privKey":"kBRaXj60IYP8KDJpkIM/+/xBMnmgqwZPyljAJ1EhyV4="},"lastRemoteEphemeralKey":"BT/uRQ9Csi3Uu8vgYwjN1LEOEKr3PHVLzYDROHXO3mhC","previousCounter":0,"rootKey":"UKUPZ0rk2a5PpTwkkhmvNIlYx+kYzSlfPr3kTu74vUo="},"indexInfo":{"baseKey":"Bd9u4fsarlknIHZ7+WnL5KSQQCvT4XrR+akAeDItk35x","baseKeyType":1,"closed":-1,"used":1746087841117,"created":1746085499132,"remoteIdentityKey":"BYe8gspkbjcUmVNlldMrclXNgO1lHlpxW/0xrdtCd7s/"},"_chains":{"BT/uRQ9Csi3Uu8vgYwjN1LEOEKr3PHVLzYDROHXO3mhC":{"chainKey":{"counter":1,"key":"umTvr5tSjeL1s+DPdj4DEHr0hivI1AmA3A0MyrRGW5g="},"chainType":2,"messageKeys":{}},"BaoiKksHMDnacQAFhwrj3T+GYFGA7wcTKZkc7Bbe+JYM":{"chainKey":{"counter":6,"key":"JQ77LLQ6T8gMNFvZ7EiIm8JlaWqr5qjITaiqVO1rQK0="},"chainType":1,"messageKeys":{}}}}},"version":"v1"}