{"_sessions":{"BYUOX3v/gouXKAcXxYhQbUjQ/1U2H9wwIN17zo2ra797":{"registrationId":546082143,"currentRatchet":{"ephemeralKeyPair":{"pubKey":"BT2wStc0KHyecMxEsIkdPdubZVZIs1YXaYOow7xUBxM6","privKey":"eKs1B0lWKcH0xRZZGgO7ySHLYCZX93i61mb7w0gt8kQ="},"lastRemoteEphemeralKey":"BVDpHa3vm8kc9G7aKszoJLWlseIM8GT6LhwCe0pLiV5a","previousCounter":0,"rootKey":"oEXOrNb/wGbomFKuLg04OLKINiJAKmwj6yn89e+G0Qc="},"indexInfo":{"baseKey":"BYUOX3v/gouXKAcXxYhQbUjQ/1U2H9wwIN17zo2ra797","baseKeyType":1,"closed":-1,"used":1746104067838,"created":1746104067838,"remoteIdentityKey":"BVVhTBwi+CB8zCJPGXagnghSf6SJ/VwKmHdvdsvuMtMJ"},"_chains":{"BT2wStc0KHyecMxEsIkdPdubZVZIs1YXaYOow7xUBxM6":{"chainKey":{"counter":0,"key":"JvBEjUGpcKZUyrAb9JbZUeYOJ2HYGQN29/0sXLQiiHo="},"chainType":1,"messageKeys":{}}},"pendingPreKey":{"signedKeyId":8,"baseKey":"BYUOX3v/gouXKAcXxYhQbUjQ/1U2H9wwIN17zo2ra797","preKeyId":15350998}}},"version":"v1"}