{"_sessions":{"BdAGdTn9yu9B3vLhs1MwwO2TIAQ0h4vN8eRxNWQrRFZd":{"registrationId":1502860266,"currentRatchet":{"ephemeralKeyPair":{"pubKey":"BYNedSW+F5zto+H94VkmQqjSg8hr6jhGQDdZVU+V/vIj","privKey":"OLrThnXtQj6sVa8dH0gaPWqRxJPZkNPPFHIo4ancxH4="},"lastRemoteEphemeralKey":"BYKMu8opLITMjrsSXcEqwLqDDSWgjrugPuAlOqzr1fMb","previousCounter":0,"rootKey":"5O3O9DuXbRyZNNi6lBJ8hNggr/VH9iTF77RA9qVH/Fg="},"indexInfo":{"baseKey":"BdAGdTn9yu9B3vLhs1MwwO2TIAQ0h4vN8eRxNWQrRFZd","baseKeyType":1,"closed":-1,"used":1746104067812,"created":1746104067812,"remoteIdentityKey":"BT7i/1a/rArbrcQZ1WN+7l/zKSeO4tJrT38GqacoVAY8"},"_chains":{"BYNedSW+F5zto+H94VkmQqjSg8hr6jhGQDdZVU+V/vIj":{"chainKey":{"counter":0,"key":"LxiY5vrbfAzRv/YO5C0dDWJnpJ+Ss42pGrV5DdIdkFM="},"chainType":1,"messageKeys":{}}},"pendingPreKey":{"signedKeyId":3,"baseKey":"BdAGdTn9yu9B3vLhs1MwwO2TIAQ0h4vN8eRxNWQrRFZd","preKeyId":5456270}}},"version":"v1"}