{"_sessions":{"BVMYZTM8c4aUu3AwKPjU3G8ypQYHRjy2AklTr1Jjw/t/":{"registrationId":117653759,"currentRatchet":{"ephemeralKeyPair":{"pubKey":"BeVBoedV4HNyAhSlBjH/bpR+52SIVcs1Hm/JspIYpO19","privKey":"QJxFIVXLtzGPfoEXdeGU6vIl3iYs6YlClacgryV/X2k="},"lastRemoteEphemeralKey":"BWlf2XynZuAEbjXbJWczH0go/IFLFbDaRv0QpubJTN0k","previousCounter":0,"rootKey":"wr67ZtHlcjea6F9T1gBdq2Hv8RRiJB14ETVj546GYrc="},"indexInfo":{"baseKey":"BVMYZTM8c4aUu3AwKPjU3G8ypQYHRjy2AklTr1Jjw/t/","baseKeyType":1,"closed":-1,"used":1746105094153,"created":1746105094153,"remoteIdentityKey":"Bfw9aBsT9Fsg6dQBfVOyFsWo0RoCeX9HSzkPWFwEJ6tC"},"_chains":{"BeVBoedV4HNyAhSlBjH/bpR+52SIVcs1Hm/JspIYpO19":{"chainKey":{"counter":0,"key":"BMqlIFTMCbOZZ4TAZxB8Sugx8eIpAqAbfMTfp6hWWHE="},"chainType":1,"messageKeys":{}}},"pendingPreKey":{"signedKeyId":9,"baseKey":"BVMYZTM8c4aUu3AwKPjU3G8ypQYHRjy2AklTr1Jjw/t/","preKeyId":6567906}}},"version":"v1"}