{"_sessions":{"BbGfuWI47/s+HV1ofPaTJvStOykfNar1OE0KDk/QBqAT":{"registrationId":11109,"currentRatchet":{"ephemeralKeyPair":{"pubKey":"BVKTFe4n1SHiqrSkD7/DO47BqaUyWJaAN5R2manW7Xpa","privKey":"eGMeuRvCm7Ynp2TsXKMF/L7hpdRq2sy470IdbXUoFlg="},"lastRemoteEphemeralKey":"BRUOId7vkiyrtSqPbeICZ/yHuJtTY42Ow8Io8LtGDQAd","previousCounter":0,"rootKey":"e6WNxAulztC6x2IOJTl1EIVIvNHx5vGsNI2tSLdELGQ="},"indexInfo":{"baseKey":"BbGfuWI47/s+HV1ofPaTJvStOykfNar1OE0KDk/QBqAT","baseKeyType":1,"closed":-1,"used":1746105094096,"created":1746105094096,"remoteIdentityKey":"BeMt0QuhU6aiAXIn6cgnMFyEed60JDU0K24TXtpS0G0/"},"_chains":{"BVKTFe4n1SHiqrSkD7/DO47BqaUyWJaAN5R2manW7Xpa":{"chainKey":{"counter":0,"key":"qbTX1syhNG/TN+SilxC2JbbXhjVM98u9IPVoq3dKYn4="},"chainType":1,"messageKeys":{}}},"pendingPreKey":{"signedKeyId":1,"baseKey":"BbGfuWI47/s+HV1ofPaTJvStOykfNar1OE0KDk/QBqAT"}}},"version":"v1"}