{"_sessions":{"BeRiWVaLGOv9KZZKuc8I0buVjARWnz0V3RaA6oMCkCcq":{"registrationId":185838194,"currentRatchet":{"ephemeralKeyPair":{"pubKey":"Bf61Pj6mxftvordonFqjFZ94y//WIpiv1ZnICC/DqZY6","privKey":"sPJFcor1mqUko5oAi6iVVDa3Utd3JcIj00i1TZBjAG0="},"lastRemoteEphemeralKey":"BZWjM/VIckY+SaG4UzTAKhyd0Ta2lYrk56JqVQX9obwl","previousCounter":0,"rootKey":"4oY/+RrFGMrLXc88vWEDqASKebn4Znhf3j3UL01t6wE="},"indexInfo":{"baseKey":"BeRiWVaLGOv9KZZKuc8I0buVjARWnz0V3RaA6oMCkCcq","baseKeyType":1,"closed":-1,"used":1746110362460,"created":1746110362460,"remoteIdentityKey":"BVipRk04kTy+JGxnhLXnGhfL4Sg3HHrNsb0HSP/q5Xpk"},"_chains":{"Bf61Pj6mxftvordonFqjFZ94y//WIpiv1ZnICC/DqZY6":{"chainKey":{"counter":2,"key":"AHGurYNp5M3EhBSujgFekUcsTt6XOJRaJ8TaL/kJzyc="},"chainType":1,"messageKeys":{}}},"pendingPreKey":{"signedKeyId":3,"baseKey":"BeRiWVaLGOv9KZZKuc8I0buVjARWnz0V3RaA6oMCkCcq","preKeyId":371547}}},"version":"v1"}