{"_sessions":{"BXD7dgaCHPMcARFgWDRHsuH8BmgFtuh+rK6Dv3RgLXp0":{"registrationId":694222571,"currentRatchet":{"ephemeralKeyPair":{"pubKey":"BT6gHkGDhlZgEaf6wsqS6OnMKSiREZgrYCn4RU1oMVJM","privKey":"ECfkTt3jItwZU7yQYDhw2cdfaE08eeCF0wMm99azl3I="},"lastRemoteEphemeralKey":"BRmUuMHJ8L9eXBrTBElMY9ozoOblD1z6GF3Lp0Mp53wy","previousCounter":0,"rootKey":"/P7Lie9yqKeY3N16DLdvqtf5rQVGEZFELnLbAAy6WDU="},"indexInfo":{"baseKey":"BXD7dgaCHPMcARFgWDRHsuH8BmgFtuh+rK6Dv3RgLXp0","baseKeyType":1,"closed":-1,"used":1746081127213,"created":1746081127213,"remoteIdentityKey":"BSFZFmZX2Uuh/lh6HHygMVJiGB+OcRU4UWrwnaVy4ltz"},"_chains":{"BT6gHkGDhlZgEaf6wsqS6OnMKSiREZgrYCn4RU1oMVJM":{"chainKey":{"counter":0,"key":"YPw03ian6B10ETmV3KOQZmzGlJZlpD/Mi9uE7lxdTgw="},"chainType":1,"messageKeys":{}}},"pendingPreKey":{"signedKeyId":11089396,"baseKey":"BXD7dgaCHPMcARFgWDRHsuH8BmgFtuh+rK6Dv3RgLXp0","preKeyId":157}}},"version":"v1"}