{"_sessions":{"BRMBTmapZWaZymycJf8puWE7fMrZUaaBUkGXx80h8RIw":{"registrationId":1286947073,"currentRatchet":{"ephemeralKeyPair":{"pubKey":"BSXjdAUcRGq+7nXgy281DaZRmJKMKarlFvb4Jc80yrBp","privKey":"uIFkeMjVLcYTIWzALgxxps5Z5MGmbsww0+HE2JhjyU0="},"lastRemoteEphemeralKey":"BewVIiqsh3/KGyH6vW6U4bHqSFYrFYr659izgT7oxM0G","previousCounter":0,"rootKey":"PaYrAB+PgsXQ8t/gkMdMBDnJiS6Pn/AqMRlu/y2qsJ4="},"indexInfo":{"baseKey":"BRMBTmapZWaZymycJf8puWE7fMrZUaaBUkGXx80h8RIw","baseKeyType":1,"closed":-1,"used":1746104067799,"created":1746104067799,"remoteIdentityKey":"BRGH/blSvMmjelrGxqDqGsZvdHGp6cXDjQLBneFZxL9K"},"_chains":{"BSXjdAUcRGq+7nXgy281DaZRmJKMKarlFvb4Jc80yrBp":{"chainKey":{"counter":0,"key":"/AY/sGgfrDG8svOwvxzQrV2m+Vmp92gqmNSX3+b9hkc="},"chainType":1,"messageKeys":{}}},"pendingPreKey":{"signedKeyId":14,"baseKey":"BRMBTmapZWaZymycJf8puWE7fMrZUaaBUkGXx80h8RIw","preKeyId":7656200}}},"version":"v1"}