{"_sessions":{"BYED/JVj8epxaVqfBqNLeHgG1n0Y/FbrYLTHIlwUvrBU":{"registrationId":1077034324,"currentRatchet":{"ephemeralKeyPair":{"pubKey":"BUKE+UtHnfXxYh2lQnwWcx0OqaVRUtbGzufGAo5bTZUg","privKey":"ePEDlBWs8HiNVu2EUG37LCW2DG0Od0BCeTQ5+kO+rWU="},"lastRemoteEphemeralKey":"BdK7KFO2j9V/6IouloLU8j6v1jyG3SviwsLk0nXTXJdm","previousCounter":0,"rootKey":"LQ1h3lX147IG8cWMkM2ijbf2pIqt+zTpMZwQmxLoruU="},"indexInfo":{"baseKey":"BYED/JVj8epxaVqfBqNLeHgG1n0Y/FbrYLTHIlwUvrBU","baseKeyType":1,"closed":-1,"used":1746081127229,"created":1746081127229,"remoteIdentityKey":"BfUx1qvsRyPxLPhXYUQke1NJ9LVQSOXBR/b9+BQ7dQYz"},"_chains":{"BUKE+UtHnfXxYh2lQnwWcx0OqaVRUtbGzufGAo5bTZUg":{"chainKey":{"counter":0,"key":"jiNT9RNdkkBcCbMaOaw63qKnIM0W9x4kz+xXdXjY0jA="},"chainType":1,"messageKeys":{}}},"pendingPreKey":{"signedKeyId":6,"baseKey":"BYED/JVj8epxaVqfBqNLeHgG1n0Y/FbrYLTHIlwUvrBU","preKeyId":1246192}}},"version":"v1"}