{"_sessions":{"Bc5G2Obc9RqI7tgrMIjThGHLVoEhAteYb04U6x/SE0oP":{"registrationId":821206464,"currentRatchet":{"ephemeralKeyPair":{"pubKey":"BSTW9rGGq645eDdH3FIyLxH8NKC5vhRydRcFycOvALtr","privKey":"YHrgw6LqU5zuDmOe0Y02p6NayRnY5sQGn/zYVzHH7UA="},"lastRemoteEphemeralKey":"BUHciuknef34B2zggVIspelBtnOYERnh/wy2GhgiOdE3","previousCounter":0,"rootKey":"R/0zvfUP4aMwrnPGNk5EunDoByX7NJrtW6WiamKeMgU="},"indexInfo":{"baseKey":"Bc5G2Obc9RqI7tgrMIjThGHLVoEhAteYb04U6x/SE0oP","baseKeyType":1,"closed":-1,"used":1746105094204,"created":1746105094204,"remoteIdentityKey":"BSA03I63/l4lyGsWELKQF4IgKRQcNT4XXjRl9BGlFLdI"},"_chains":{"BSTW9rGGq645eDdH3FIyLxH8NKC5vhRydRcFycOvALtr":{"chainKey":{"counter":0,"key":"eiIut7S2hq8afGUdivtFHXwnOQKq42weH2dJfa1pExk="},"chainType":1,"messageKeys":{}}},"pendingPreKey":{"signedKeyId":4,"baseKey":"Bc5G2Obc9RqI7tgrMIjThGHLVoEhAteYb04U6x/SE0oP","preKeyId":432009}}},"version":"v1"}