{"_sessions":{"BTZboJNvziLYR2gMFOFbC5iJPT7O9dS/KXtQoKX0OHUr":{"registrationId":6764,"currentRatchet":{"ephemeralKeyPair":{"pubKey":"BQ4X98AJT13KFaIaXlPrSJz+Zxj82XLO8OWHOqI1sPJT","privKey":"mCZOM2aJH+behcn+zGlkgfDUWs7HQnGB3HPU76X/kVE="},"lastRemoteEphemeralKey":"BbJz1OdRj0M1ZSimSsLux6NgW+AtDQDUMT/PNhUyohpa","previousCounter":0,"rootKey":"zDUl0gmYpRbGMyxsxArZdfUjx8NMsPYT5PEnl/S5wBs="},"indexInfo":{"baseKey":"BTZboJNvziLYR2gMFOFbC5iJPT7O9dS/KXtQoKX0OHUr","baseKeyType":1,"closed":-1,"used":1746110362301,"created":1746110362301,"remoteIdentityKey":"BT+0XDdr1A4N606WOHzwsH80MJCgR38Cz7x5Z/eA/Ccp"},"_chains":{"BQ4X98AJT13KFaIaXlPrSJz+Zxj82XLO8OWHOqI1sPJT":{"chainKey":{"counter":2,"key":"1FQASL6fImiEu403Z8V3LPywJcKFqQYckwF8CH1NkWA="},"chainType":1,"messageKeys":{}}},"pendingPreKey":{"signedKeyId":1,"baseKey":"BTZboJNvziLYR2gMFOFbC5iJPT7O9dS/KXtQoKX0OHUr"}}},"version":"v1"}