{"_sessions":{"BaVQnKwW8UR5kFpA8BRKD31SPBQxu7njCFOXZc2nvaJg":{"registrationId":1758667654,"currentRatchet":{"ephemeralKeyPair":{"pubKey":"BWaIzRzKxRvotwHxwa9Qq2BrSrrW3aRArsLUW3ssM8oH","privKey":"IMXPWC0yLzlxHLv7sPkfjCuxu6b/Gan+96rVDkU8qnI="},"lastRemoteEphemeralKey":"BXl+cP0iSi/hGucMow8WTFgA0toim3Nj9Y6xOjEGRTYO","previousCounter":0,"rootKey":"HSPFaMatBcLNJgrVA1n8qsj7cwwIvVpeHRQTey6xQLU="},"indexInfo":{"baseKey":"BaVQnKwW8UR5kFpA8BRKD31SPBQxu7njCFOXZc2nvaJg","baseKeyType":1,"closed":-1,"used":1746085499010,"created":1746085499010,"remoteIdentityKey":"BY+bXuX394CeURg/uBJYK7uLfbxB5Lm3sQAIddkRP6Yi"},"_chains":{"BWaIzRzKxRvotwHxwa9Qq2BrSrrW3aRArsLUW3ssM8oH":{"chainKey":{"counter":7,"key":"T6jsOQcRsDD5Hru74Iu+XUWMS90ziH5cMw8kPrUgVrI="},"chainType":1,"messageKeys":{}}},"pendingPreKey":{"signedKeyId":12382036,"baseKey":"BaVQnKwW8UR5kFpA8BRKD31SPBQxu7njCFOXZc2nvaJg","preKeyId":15027}}},"version":"v1"}